LOCATION,INDICATOR,SUBJECT,MEASURE,FREQUENCY,TIME,Value,Flag Codes
ZAF,BCI,AMPLITUD,LTRENDIDX,M,2016-01,99.35622,
ZAF,BCI,AMPLITUD,LTRENDIDX,M,2016-02,99.32286,
ZAF,BCI,AMPLITUD,LTRENDIDX,M,2016-03,99.27293,
ZAF,BCI,AMPLITUD,LTRENDIDX,M,2016-04,99.20667,
ZAF,BCI,AMPLITUD,LTRENDIDX,M,2016-05,99.15582,
ZAF,BCI,AMPLITUD,LTRENDIDX,M,2016-06,99.1713,
ZAF,BCI,AMPLITUD,LTRENDIDX,M,2016-07,99.29546,
ZAF,BCI,AMPLITUD,LTRENDIDX,M,2016-08,99.46806,
ZAF,BCI,AMPLITUD,LTRENDIDX,M,2016-09,99.61165,
ZAF,BCI,AMPLITUD,LTRENDIDX,M,2016-10,99.6684,
ZAF,BCI,AMPLITUD,LTRENDIDX,M,2016-11,99.66618,
ZAF,BCI,AMPLITUD,LTRENDIDX,M,2016-12,99.63546,
ZAF,BCI,AMPLITUD,LTRENDIDX,M,2017-01,99.58546,
ZAF,BCI,AMPLITUD,LTRENDIDX,M,2017-02,99.50864,
ZAF,BCI,AMPLITUD,LTRENDIDX,M,2017-03,99.37827,
ZAF,BCI,AMPLITUD,LTRENDIDX,M,2017-04,99.17295,
ZAF,BCI,AMPLITUD,LTRENDIDX,M,2017-05,98.95457,
ZAF,BCI,AMPLITUD,LTRENDIDX,M,2017-06,98.81171,
ZAF,BCI,AMPLITUD,LTRENDIDX,M,2017-07,98.81614,
ZAF,BCI,AMPLITUD,LTRENDIDX,M,2017-08,98.90373,
ZAF,BCI,AMPLITUD,LTRENDIDX,M,2017-09,99.00103,
ZAF,BCI,AMPLITUD,LTRENDIDX,M,2017-10,99.06859,
ZAF,BCI,AMPLITUD,LTRENDIDX,M,2017-11,99.13464,
ZAF,BCI,AMPLITUD,LTRENDIDX,M,2017-12,99.25368,
ZAF,BCI,AMPLITUD,LTRENDIDX,M,2018-01,99.46669,
ZAF,BCI,AMPLITUD,LTRENDIDX,M,2018-02,99.70821,
ZAF,BCI,AMPLITUD,LTRENDIDX,M,2018-03,99.88146,
ZAF,BCI,AMPLITUD,LTRENDIDX,M,2018-04,99.90491,
ZAF,BCI,AMPLITUD,LTRENDIDX,M,2018-05,99.82713,
ZAF,BCI,AMPLITUD,LTRENDIDX,M,2018-06,99.69855,
ZAF,BCI,AMPLITUD,LTRENDIDX,M,2018-07,99.54453,
ZAF,BCI,AMPLITUD,LTRENDIDX,M,2018-08,99.38914,
ZAF,BCI,AMPLITUD,LTRENDIDX,M,2018-09,99.25204,
ZAF,BCI,AMPLITUD,LTRENDIDX,M,2018-10,99.14671,
ZAF,BCI,AMPLITUD,LTRENDIDX,M,2018-11,99.06047,
ZAF,BCI,AMPLITUD,LTRENDIDX,M,2018-12,98.98116,
ZAF,BCI,AMPLITUD,LTRENDIDX,M,2019-01,98.90487,
ZAF,BCI,AMPLITUD,LTRENDIDX,M,2019-02,98.83662,
ZAF,BCI,AMPLITUD,LTRENDIDX,M,2019-03,98.78812,
ZAF,BCI,AMPLITUD,LTRENDIDX,M,2019-04,98.76749,
ZAF,BCI,AMPLITUD,LTRENDIDX,M,2019-05,98.7491,
ZAF,BCI,AMPLITUD,LTRENDIDX,M,2019-06,98.69421,
ZAF,BCI,AMPLITUD,LTRENDIDX,M,2019-07,98.56943,
ZAF,BCI,AMPLITUD,LTRENDIDX,M,2019-08,98.40156,
ZAF,BCI,AMPLITUD,LTRENDIDX,M,2019-09,98.21905,
RUS,BCI,AMPLITUD,LTRENDIDX,M,2016-01,99.74286,
RUS,BCI,AMPLITUD,LTRENDIDX,M,2016-02,99.60989,
RUS,BCI,AMPLITUD,LTRENDIDX,M,2016-03,100.1331,
RUS,BCI,AMPLITUD,LTRENDIDX,M,2016-04,100.6583,
RUS,BCI,AMPLITUD,LTRENDIDX,M,2016-05,100.7832,
RUS,BCI,AMPLITUD,LTRENDIDX,M,2016-06,100.7703,
RUS,BCI,AMPLITUD,LTRENDIDX,M,2016-07,100.957,
RUS,BCI,AMPLITUD,LTRENDIDX,M,2016-08,101.186,
RUS,BCI,AMPLITUD,LTRENDIDX,M,2016-09,101.3873,
RUS,BCI,AMPLITUD,LTRENDIDX,M,2016-10,101.3652,
RUS,BCI,AMPLITUD,LTRENDIDX,M,2016-11,101.1942,
RUS,BCI,AMPLITUD,LTRENDIDX,M,2016-12,101.1467,
RUS,BCI,AMPLITUD,LTRENDIDX,M,2017-01,101.1854,
RUS,BCI,AMPLITUD,LTRENDIDX,M,2017-02,100.935,
RUS,BCI,AMPLITUD,LTRENDIDX,M,2017-03,100.6507,
RUS,BCI,AMPLITUD,LTRENDIDX,M,2017-04,100.6236,
RUS,BCI,AMPLITUD,LTRENDIDX,M,2017-05,100.858,
RUS,BCI,AMPLITUD,LTRENDIDX,M,2017-06,101.1153,
RUS,BCI,AMPLITUD,LTRENDIDX,M,2017-07,100.9901,
RUS,BCI,AMPLITUD,LTRENDIDX,M,2017-08,101.0492,
RUS,BCI,AMPLITUD,LTRENDIDX,M,2017-09,101.3297,
RUS,BCI,AMPLITUD,LTRENDIDX,M,2017-10,101.6996,
RUS,BCI,AMPLITUD,LTRENDIDX,M,2017-11,102.0145,
RUS,BCI,AMPLITUD,LTRENDIDX,M,2017-12,101.8033,
RUS,BCI,AMPLITUD,LTRENDIDX,M,2018-01,101.4417,
RUS,BCI,AMPLITUD,LTRENDIDX,M,2018-02,101.266,
RUS,BCI,AMPLITUD,LTRENDIDX,M,2018-03,101.4584,
RUS,BCI,AMPLITUD,LTRENDIDX,M,2018-04,101.7267,
RUS,BCI,AMPLITUD,LTRENDIDX,M,2018-05,101.7892,
RUS,BCI,AMPLITUD,LTRENDIDX,M,2018-06,101.7222,
RUS,BCI,AMPLITUD,LTRENDIDX,M,2018-07,101.7035,
RUS,BCI,AMPLITUD,LTRENDIDX,M,2018-08,101.522,
RUS,BCI,AMPLITUD,LTRENDIDX,M,2018-09,101.3247,
RUS,BCI,AMPLITUD,LTRENDIDX,M,2018-10,101.3062,
RUS,BCI,AMPLITUD,LTRENDIDX,M,2018-11,101.3384,
RUS,BCI,AMPLITUD,LTRENDIDX,M,2018-12,101.5677,
RUS,BCI,AMPLITUD,LTRENDIDX,M,2019-01,101.6436,
RUS,BCI,AMPLITUD,LTRENDIDX,M,2019-02,101.51,
RUS,BCI,AMPLITUD,LTRENDIDX,M,2019-03,101.4035,
RUS,BCI,AMPLITUD,LTRENDIDX,M,2019-04,101.4823,
RUS,BCI,AMPLITUD,LTRENDIDX,M,2019-05,101.2873,
RUS,BCI,AMPLITUD,LTRENDIDX,M,2019-06,101.0952,
RUS,BCI,AMPLITUD,LTRENDIDX,M,2019-07,101.0402,
RUS,BCI,AMPLITUD,LTRENDIDX,M,2019-08,101.0418,
RUS,BCI,AMPLITUD,LTRENDIDX,M,2019-09,101.1399,
ITA,BCI,AMPLITUD,LTRENDIDX,M,2016-01,100.472,
ITA,BCI,AMPLITUD,LTRENDIDX,M,2016-02,100.4124,
ITA,BCI,AMPLITUD,LTRENDIDX,M,2016-03,100.4003,
ITA,BCI,AMPLITUD,LTRENDIDX,M,2016-04,100.4234,
ITA,BCI,AMPLITUD,LTRENDIDX,M,2016-05,100.4488,
ITA,BCI,AMPLITUD,LTRENDIDX,M,2016-06,100.4628,
ITA,BCI,AMPLITUD,LTRENDIDX,M,2016-07,100.4548,
ITA,BCI,AMPLITUD,LTRENDIDX,M,2016-08,100.4144,
ITA,BCI,AMPLITUD,LTRENDIDX,M,2016-09,100.4008,
ITA,BCI,AMPLITUD,LTRENDIDX,M,2016-10,100.4184,
ITA,BCI,AMPLITUD,LTRENDIDX,M,2016-11,100.441,
ITA,BCI,AMPLITUD,LTRENDIDX,M,2016-12,100.5173,
ITA,BCI,AMPLITUD,LTRENDIDX,M,2017-01,100.6249,
ITA,BCI,AMPLITUD,LTRENDIDX,M,2017-02,100.7284,
ITA,BCI,AMPLITUD,LTRENDIDX,M,2017-03,100.8048,
ITA,BCI,AMPLITUD,LTRENDIDX,M,2017-04,100.8542,
ITA,BCI,AMPLITUD,LTRENDIDX,M,2017-05,100.8745,
ITA,BCI,AMPLITUD,LTRENDIDX,M,2017-06,100.9046,
ITA,BCI,AMPLITUD,LTRENDIDX,M,2017-07,100.9735,
ITA,BCI,AMPLITUD,LTRENDIDX,M,2017-08,101.0803,
ITA,BCI,AMPLITUD,LTRENDIDX,M,2017-09,101.187,
ITA,BCI,AMPLITUD,LTRENDIDX,M,2017-10,101.2563,
ITA,BCI,AMPLITUD,LTRENDIDX,M,2017-11,101.2786,
ITA,BCI,AMPLITUD,LTRENDIDX,M,2017-12,101.2749,
ITA,BCI,AMPLITUD,LTRENDIDX,M,2018-01,101.2536,
ITA,BCI,AMPLITUD,LTRENDIDX,M,2018-02,101.2147,
ITA,BCI,AMPLITUD,LTRENDIDX,M,2018-03,101.1294,
ITA,BCI,AMPLITUD,LTRENDIDX,M,2018-04,101.0412,
ITA,BCI,AMPLITUD,LTRENDIDX,M,2018-05,100.9761,
ITA,BCI,AMPLITUD,LTRENDIDX,M,2018-06,100.917,
ITA,BCI,AMPLITUD,LTRENDIDX,M,2018-07,100.8693,
ITA,BCI,AMPLITUD,LTRENDIDX,M,2018-08,100.8168,
ITA,BCI,AMPLITUD,LTRENDIDX,M,2018-09,100.7691,
ITA,BCI,AMPLITUD,LTRENDIDX,M,2018-10,100.7014,
ITA,BCI,AMPLITUD,LTRENDIDX,M,2018-11,100.6222,
ITA,BCI,AMPLITUD,LTRENDIDX,M,2018-12,100.5279,
ITA,BCI,AMPLITUD,LTRENDIDX,M,2019-01,100.4203,
ITA,BCI,AMPLITUD,LTRENDIDX,M,2019-02,100.3286,
ITA,BCI,AMPLITUD,LTRENDIDX,M,2019-03,100.2626,
ITA,BCI,AMPLITUD,LTRENDIDX,M,2019-04,100.2422,
ITA,BCI,AMPLITUD,LTRENDIDX,M,2019-05,100.2508,
ITA,BCI,AMPLITUD,LTRENDIDX,M,2019-06,100.2243,
ITA,BCI,AMPLITUD,LTRENDIDX,M,2019-07,100.1866,
ITA,BCI,AMPLITUD,LTRENDIDX,M,2019-08,100.1426,
ITA,BCI,AMPLITUD,LTRENDIDX,M,2019-09,100.0746,
KOR,BCI,AMPLITUD,LTRENDIDX,M,2016-01,98.20554,
KOR,BCI,AMPLITUD,LTRENDIDX,M,2016-02,98.20558,
KOR,BCI,AMPLITUD,LTRENDIDX,M,2016-03,98.32799,
KOR,BCI,AMPLITUD,LTRENDIDX,M,2016-04,98.49556,
KOR,BCI,AMPLITUD,LTRENDIDX,M,2016-05,98.56317,
KOR,BCI,AMPLITUD,LTRENDIDX,M,2016-06,98.57229,
KOR,BCI,AMPLITUD,LTRENDIDX,M,2016-07,98.5683,
KOR,BCI,AMPLITUD,LTRENDIDX,M,2016-08,98.55296,
KOR,BCI,AMPLITUD,LTRENDIDX,M,2016-09,98.52677,
KOR,BCI,AMPLITUD,LTRENDIDX,M,2016-10,98.54272,
KOR,BCI,AMPLITUD,LTRENDIDX,M,2016-11,98.61732,
KOR,BCI,AMPLITUD,LTRENDIDX,M,2016-12,98.71469,
KOR,BCI,AMPLITUD,LTRENDIDX,M,2017-01,98.86375,
KOR,BCI,AMPLITUD,LTRENDIDX,M,2017-02,99.0226,
KOR,BCI,AMPLITUD,LTRENDIDX,M,2017-03,99.15957,
KOR,BCI,AMPLITUD,LTRENDIDX,M,2017-04,99.1712,
KOR,BCI,AMPLITUD,LTRENDIDX,M,2017-05,99.09061,
KOR,BCI,AMPLITUD,LTRENDIDX,M,2017-06,98.99915,
KOR,BCI,AMPLITUD,LTRENDIDX,M,2017-07,98.95345,
KOR,BCI,AMPLITUD,LTRENDIDX,M,2017-08,98.9618,
KOR,BCI,AMPLITUD,LTRENDIDX,M,2017-09,98.99146,
KOR,BCI,AMPLITUD,LTRENDIDX,M,2017-10,99.03705,
KOR,BCI,AMPLITUD,LTRENDIDX,M,2017-11,99.05251,
KOR,BCI,AMPLITUD,LTRENDIDX,M,2017-12,99.02065,
KOR,BCI,AMPLITUD,LTRENDIDX,M,2018-01,98.89932,
KOR,BCI,AMPLITUD,LTRENDIDX,M,2018-02,98.76839,
KOR,BCI,AMPLITUD,LTRENDIDX,M,2018-03,98.68242,
KOR,BCI,AMPLITUD,LTRENDIDX,M,2018-04,98.72492,
KOR,BCI,AMPLITUD,LTRENDIDX,M,2018-05,98.78727,
KOR,BCI,AMPLITUD,LTRENDIDX,M,2018-06,98.79483,
KOR,BCI,AMPLITUD,LTRENDIDX,M,2018-07,98.68301,
KOR,BCI,AMPLITUD,LTRENDIDX,M,2018-08,98.58152,
KOR,BCI,AMPLITUD,LTRENDIDX,M,2018-09,98.50416,
KOR,BCI,AMPLITUD,LTRENDIDX,M,2018-10,98.45022,
KOR,BCI,AMPLITUD,LTRENDIDX,M,2018-11,98.44355,
KOR,BCI,AMPLITUD,LTRENDIDX,M,2018-12,98.43294,
KOR,BCI,AMPLITUD,LTRENDIDX,M,2019-01,98.45232,
KOR,BCI,AMPLITUD,LTRENDIDX,M,2019-02,98.51624,
KOR,BCI,AMPLITUD,LTRENDIDX,M,2019-03,98.60047,
KOR,BCI,AMPLITUD,LTRENDIDX,M,2019-04,98.65488,
KOR,BCI,AMPLITUD,LTRENDIDX,M,2019-05,98.63425,
KOR,BCI,AMPLITUD,LTRENDIDX,M,2019-06,98.48232,
KOR,BCI,AMPLITUD,LTRENDIDX,M,2019-07,98.30586,
KOR,BCI,AMPLITUD,LTRENDIDX,M,2019-08,98.21966,
KOR,BCI,AMPLITUD,LTRENDIDX,M,2019-09,98.21595,
MEX,BCI,AMPLITUD,LTRENDIDX,M,2016-01,100.3358,
MEX,BCI,AMPLITUD,LTRENDIDX,M,2016-02,100.4147,
MEX,BCI,AMPLITUD,LTRENDIDX,M,2016-03,100.5881,
MEX,BCI,AMPLITUD,LTRENDIDX,M,2016-04,100.6879,
MEX,BCI,AMPLITUD,LTRENDIDX,M,2016-05,100.6716,
MEX,BCI,AMPLITUD,LTRENDIDX,M,2016-06,100.4566,
MEX,BCI,AMPLITUD,LTRENDIDX,M,2016-07,100.3206,
MEX,BCI,AMPLITUD,LTRENDIDX,M,2016-08,100.2431,
MEX,BCI,AMPLITUD,LTRENDIDX,M,2016-09,100.0846,
MEX,BCI,AMPLITUD,LTRENDIDX,M,2016-10,99.90532,
MEX,BCI,AMPLITUD,LTRENDIDX,M,2016-11,99.43989,
MEX,BCI,AMPLITUD,LTRENDIDX,M,2016-12,98.86423,
MEX,BCI,AMPLITUD,LTRENDIDX,M,2017-01,98.51443,
MEX,BCI,AMPLITUD,LTRENDIDX,M,2017-02,99.17465,
MEX,BCI,AMPLITUD,LTRENDIDX,M,2017-03,100.2969,
MEX,BCI,AMPLITUD,LTRENDIDX,M,2017-04,101.2565,
MEX,BCI,AMPLITUD,LTRENDIDX,M,2017-05,101.586,
MEX,BCI,AMPLITUD,LTRENDIDX,M,2017-06,101.5642,
MEX,BCI,AMPLITUD,LTRENDIDX,M,2017-07,101.388,
MEX,BCI,AMPLITUD,LTRENDIDX,M,2017-08,101.2702,
MEX,BCI,AMPLITUD,LTRENDIDX,M,2017-09,101.2274,
MEX,BCI,AMPLITUD,LTRENDIDX,M,2017-10,101.0909,
MEX,BCI,AMPLITUD,LTRENDIDX,M,2017-11,101.0734,
MEX,BCI,AMPLITUD,LTRENDIDX,M,2017-12,101.0225,
MEX,BCI,AMPLITUD,LTRENDIDX,M,2018-01,100.865,
MEX,BCI,AMPLITUD,LTRENDIDX,M,2018-02,100.7104,
MEX,BCI,AMPLITUD,LTRENDIDX,M,2018-03,100.5936,
MEX,BCI,AMPLITUD,LTRENDIDX,M,2018-04,100.2868,
MEX,BCI,AMPLITUD,LTRENDIDX,M,2018-05,100.0629,
MEX,BCI,AMPLITUD,LTRENDIDX,M,2018-06,100.2215,
MEX,BCI,AMPLITUD,LTRENDIDX,M,2018-07,100.7628,
MEX,BCI,AMPLITUD,LTRENDIDX,M,2018-08,101.0406,
MEX,BCI,AMPLITUD,LTRENDIDX,M,2018-09,101.0852,
MEX,BCI,AMPLITUD,LTRENDIDX,M,2018-10,100.8906,
MEX,BCI,AMPLITUD,LTRENDIDX,M,2018-11,100.3549,
MEX,BCI,AMPLITUD,LTRENDIDX,M,2018-12,99.9378,
MEX,BCI,AMPLITUD,LTRENDIDX,M,2019-01,99.77918,
MEX,BCI,AMPLITUD,LTRENDIDX,M,2019-02,99.87199,
MEX,BCI,AMPLITUD,LTRENDIDX,M,2019-03,100.0699,
MEX,BCI,AMPLITUD,LTRENDIDX,M,2019-04,100.1182,
MEX,BCI,AMPLITUD,LTRENDIDX,M,2019-05,99.81985,
MEX,BCI,AMPLITUD,LTRENDIDX,M,2019-06,99.42429,
MEX,BCI,AMPLITUD,LTRENDIDX,M,2019-07,98.93638,
MEX,BCI,AMPLITUD,LTRENDIDX,M,2019-08,98.72099,
CHN,BCI,AMPLITUD,LTRENDIDX,M,2016-01,98.60048,
CHN,BCI,AMPLITUD,LTRENDIDX,M,2016-02,98.62881,
CHN,BCI,AMPLITUD,LTRENDIDX,M,2016-03,98.78928,
CHN,BCI,AMPLITUD,LTRENDIDX,M,2016-04,98.88336,
CHN,BCI,AMPLITUD,LTRENDIDX,M,2016-05,98.90482,
CHN,BCI,AMPLITUD,LTRENDIDX,M,2016-06,98.89512,
CHN,BCI,AMPLITUD,LTRENDIDX,M,2016-07,98.92201,
CHN,BCI,AMPLITUD,LTRENDIDX,M,2016-08,99.03858,
CHN,BCI,AMPLITUD,LTRENDIDX,M,2016-09,99.20587,
CHN,BCI,AMPLITUD,LTRENDIDX,M,2016-10,99.42908,
CHN,BCI,AMPLITUD,LTRENDIDX,M,2016-11,99.59031,
CHN,BCI,AMPLITUD,LTRENDIDX,M,2016-12,99.62981,
CHN,BCI,AMPLITUD,LTRENDIDX,M,2017-01,99.63766,
CHN,BCI,AMPLITUD,LTRENDIDX,M,2017-02,99.66245,
CHN,BCI,AMPLITUD,LTRENDIDX,M,2017-03,99.65297,
CHN,BCI,AMPLITUD,LTRENDIDX,M,2017-04,99.58509,
CHN,BCI,AMPLITUD,LTRENDIDX,M,2017-05,99.57236,
CHN,BCI,AMPLITUD,LTRENDIDX,M,2017-06,99.63048,
CHN,BCI,AMPLITUD,LTRENDIDX,M,2017-07,99.69006,
CHN,BCI,AMPLITUD,LTRENDIDX,M,2017-08,99.79134,
CHN,BCI,AMPLITUD,LTRENDIDX,M,2017-09,99.87286,
CHN,BCI,AMPLITUD,LTRENDIDX,M,2017-10,99.82189,
CHN,BCI,AMPLITUD,LTRENDIDX,M,2017-11,99.74691,
CHN,BCI,AMPLITUD,LTRENDIDX,M,2017-12,99.624,
CHN,BCI,AMPLITUD,LTRENDIDX,M,2018-01,99.47299,
CHN,BCI,AMPLITUD,LTRENDIDX,M,2018-02,99.37922,
CHN,BCI,AMPLITUD,LTRENDIDX,M,2018-03,99.49287,
CHN,BCI,AMPLITUD,LTRENDIDX,M,2018-04,99.61707,
CHN,BCI,AMPLITUD,LTRENDIDX,M,2018-05,99.70107,
CHN,BCI,AMPLITUD,LTRENDIDX,M,2018-06,99.66541,
CHN,BCI,AMPLITUD,LTRENDIDX,M,2018-07,99.57076,
CHN,BCI,AMPLITUD,LTRENDIDX,M,2018-08,99.45135,
CHN,BCI,AMPLITUD,LTRENDIDX,M,2018-09,99.25793,
CHN,BCI,AMPLITUD,LTRENDIDX,M,2018-10,99.02773,
CHN,BCI,AMPLITUD,LTRENDIDX,M,2018-11,98.82502,
CHN,BCI,AMPLITUD,LTRENDIDX,M,2018-12,98.66799,
CHN,BCI,AMPLITUD,LTRENDIDX,M,2019-01,98.63031,
CHN,BCI,AMPLITUD,LTRENDIDX,M,2019-02,98.69478,
CHN,BCI,AMPLITUD,LTRENDIDX,M,2019-03,98.84155,
CHN,BCI,AMPLITUD,LTRENDIDX,M,2019-04,98.832,
CHN,BCI,AMPLITUD,LTRENDIDX,M,2019-05,98.71928,
CHN,BCI,AMPLITUD,LTRENDIDX,M,2019-06,98.6556,
CHN,BCI,AMPLITUD,LTRENDIDX,M,2019-07,98.651,
CHN,BCI,AMPLITUD,LTRENDIDX,M,2019-08,98.63705,
JPN,BCI,AMPLITUD,LTRENDIDX,M,2016-01,100.6037,
JPN,BCI,AMPLITUD,LTRENDIDX,M,2016-02,100.5499,
JPN,BCI,AMPLITUD,LTRENDIDX,M,2016-03,100.5018,
JPN,BCI,AMPLITUD,LTRENDIDX,M,2016-04,100.4686,
JPN,BCI,AMPLITUD,LTRENDIDX,M,2016-05,100.448,
JPN,BCI,AMPLITUD,LTRENDIDX,M,2016-06,100.4398,
JPN,BCI,AMPLITUD,LTRENDIDX,M,2016-07,100.4476,
JPN,BCI,AMPLITUD,LTRENDIDX,M,2016-08,100.4672,
JPN,BCI,AMPLITUD,LTRENDIDX,M,2016-09,100.4987,
JPN,BCI,AMPLITUD,LTRENDIDX,M,2016-10,100.5456,
JPN,BCI,AMPLITUD,LTRENDIDX,M,2016-11,100.6031,
JPN,BCI,AMPLITUD,LTRENDIDX,M,2016-12,100.6682,
JPN,BCI,AMPLITUD,LTRENDIDX,M,2017-01,100.7407,
JPN,BCI,AMPLITUD,LTRENDIDX,M,2017-02,100.8153,
JPN,BCI,AMPLITUD,LTRENDIDX,M,2017-03,100.8864,
JPN,BCI,AMPLITUD,LTRENDIDX,M,2017-04,100.9502,
JPN,BCI,AMPLITUD,LTRENDIDX,M,2017-05,101.0108,
JPN,BCI,AMPLITUD,LTRENDIDX,M,2017-06,101.0742,
JPN,BCI,AMPLITUD,LTRENDIDX,M,2017-07,101.1454,
JPN,BCI,AMPLITUD,LTRENDIDX,M,2017-08,101.2224,
JPN,BCI,AMPLITUD,LTRENDIDX,M,2017-09,101.3025,
JPN,BCI,AMPLITUD,LTRENDIDX,M,2017-10,101.3819,
JPN,BCI,AMPLITUD,LTRENDIDX,M,2017-11,101.4526,
JPN,BCI,AMPLITUD,LTRENDIDX,M,2017-12,101.5003,
JPN,BCI,AMPLITUD,LTRENDIDX,M,2018-01,101.5105,
JPN,BCI,AMPLITUD,LTRENDIDX,M,2018-02,101.4979,
JPN,BCI,AMPLITUD,LTRENDIDX,M,2018-03,101.4767,
JPN,BCI,AMPLITUD,LTRENDIDX,M,2018-04,101.4543,
JPN,BCI,AMPLITUD,LTRENDIDX,M,2018-05,101.4328,
JPN,BCI,AMPLITUD,LTRENDIDX,M,2018-06,101.4125,
JPN,BCI,AMPLITUD,LTRENDIDX,M,2018-07,101.3941,
JPN,BCI,AMPLITUD,LTRENDIDX,M,2018-08,101.3795,
JPN,BCI,AMPLITUD,LTRENDIDX,M,2018-09,101.3714,
JPN,BCI,AMPLITUD,LTRENDIDX,M,2018-10,101.3681,
JPN,BCI,AMPLITUD,LTRENDIDX,M,2018-11,101.353,
JPN,BCI,AMPLITUD,LTRENDIDX,M,2018-12,101.2975,
JPN,BCI,AMPLITUD,LTRENDIDX,M,2019-01,101.1761,
JPN,BCI,AMPLITUD,LTRENDIDX,M,2019-02,101.0221,
JPN,BCI,AMPLITUD,LTRENDIDX,M,2019-03,100.8753,
JPN,BCI,AMPLITUD,LTRENDIDX,M,2019-04,100.7637,
JPN,BCI,AMPLITUD,LTRENDIDX,M,2019-05,100.6759,
JPN,BCI,AMPLITUD,LTRENDIDX,M,2019-06,100.5969,
FRA,BCI,AMPLITUD,LTRENDIDX,M,2016-01,100.4523,
FRA,BCI,AMPLITUD,LTRENDIDX,M,2016-02,100.5138,
FRA,BCI,AMPLITUD,LTRENDIDX,M,2016-03,100.4762,
FRA,BCI,AMPLITUD,LTRENDIDX,M,2016-04,100.397,
FRA,BCI,AMPLITUD,LTRENDIDX,M,2016-05,100.2997,
FRA,BCI,AMPLITUD,LTRENDIDX,M,2016-06,100.2,
FRA,BCI,AMPLITUD,LTRENDIDX,M,2016-07,100.1265,
FRA,BCI,AMPLITUD,LTRENDIDX,M,2016-08,100.1339,
FRA,BCI,AMPLITUD,LTRENDIDX,M,2016-09,100.2036,
FRA,BCI,AMPLITUD,LTRENDIDX,M,2016-10,100.2712,
FRA,BCI,AMPLITUD,LTRENDIDX,M,2016-11,100.3293,
FRA,BCI,AMPLITUD,LTRENDIDX,M,2016-12,100.3855,
FRA,BCI,AMPLITUD,LTRENDIDX,M,2017-01,100.4303,
FRA,BCI,AMPLITUD,LTRENDIDX,M,2017-02,100.4759,
FRA,BCI,AMPLITUD,LTRENDIDX,M,2017-03,100.5112,
FRA,BCI,AMPLITUD,LTRENDIDX,M,2017-04,100.6203,
FRA,BCI,AMPLITUD,LTRENDIDX,M,2017-05,100.7486,
FRA,BCI,AMPLITUD,LTRENDIDX,M,2017-06,100.8353,
FRA,BCI,AMPLITUD,LTRENDIDX,M,2017-07,100.8918,
FRA,BCI,AMPLITUD,LTRENDIDX,M,2017-08,100.9675,
FRA,BCI,AMPLITUD,LTRENDIDX,M,2017-09,101.0406,
FRA,BCI,AMPLITUD,LTRENDIDX,M,2017-10,101.0555,
FRA,BCI,AMPLITUD,LTRENDIDX,M,2017-11,101.0644,
FRA,BCI,AMPLITUD,LTRENDIDX,M,2017-12,101.0835,
FRA,BCI,AMPLITUD,LTRENDIDX,M,2018-01,101.0756,
FRA,BCI,AMPLITUD,LTRENDIDX,M,2018-02,101.0168,
FRA,BCI,AMPLITUD,LTRENDIDX,M,2018-03,100.9741,
FRA,BCI,AMPLITUD,LTRENDIDX,M,2018-04,101.008,
FRA,BCI,AMPLITUD,LTRENDIDX,M,2018-05,101.0524,
FRA,BCI,AMPLITUD,LTRENDIDX,M,2018-06,101.0867,
FRA,BCI,AMPLITUD,LTRENDIDX,M,2018-07,101.0318,
FRA,BCI,AMPLITUD,LTRENDIDX,M,2018-08,100.9135,
FRA,BCI,AMPLITUD,LTRENDIDX,M,2018-09,100.7628,
FRA,BCI,AMPLITUD,LTRENDIDX,M,2018-10,100.6475,
FRA,BCI,AMPLITUD,LTRENDIDX,M,2018-11,100.5903,
FRA,BCI,AMPLITUD,LTRENDIDX,M,2018-12,100.4854,
FRA,BCI,AMPLITUD,LTRENDIDX,M,2019-01,100.3545,
FRA,BCI,AMPLITUD,LTRENDIDX,M,2019-02,100.2355,
FRA,BCI,AMPLITUD,LTRENDIDX,M,2019-03,100.1761,
FRA,BCI,AMPLITUD,LTRENDIDX,M,2019-04,100.154,
FRA,BCI,AMPLITUD,LTRENDIDX,M,2019-05,100.2141,
FRA,BCI,AMPLITUD,LTRENDIDX,M,2019-06,100.2061,
FRA,BCI,AMPLITUD,LTRENDIDX,M,2019-07,100.1725,
FRA,BCI,AMPLITUD,LTRENDIDX,M,2019-08,100.1585,
FRA,BCI,AMPLITUD,LTRENDIDX,M,2019-09,100.1162,
USA,BCI,AMPLITUD,LTRENDIDX,M,2016-01,99.03783,
USA,BCI,AMPLITUD,LTRENDIDX,M,2016-02,99.24594,
USA,BCI,AMPLITUD,LTRENDIDX,M,2016-03,99.47628,
USA,BCI,AMPLITUD,LTRENDIDX,M,2016-04,99.59814,
USA,BCI,AMPLITUD,LTRENDIDX,M,2016-05,99.7036,
USA,BCI,AMPLITUD,LTRENDIDX,M,2016-06,99.7765,
USA,BCI,AMPLITUD,LTRENDIDX,M,2016-07,99.69157,
USA,BCI,AMPLITUD,LTRENDIDX,M,2016-08,99.53907,
USA,BCI,AMPLITUD,LTRENDIDX,M,2016-09,99.58414,
USA,BCI,AMPLITUD,LTRENDIDX,M,2016-10,99.74983,
USA,BCI,AMPLITUD,LTRENDIDX,M,2016-11,100.0114,
USA,BCI,AMPLITUD,LTRENDIDX,M,2016-12,100.3142,
USA,BCI,AMPLITUD,LTRENDIDX,M,2017-01,100.5844,
USA,BCI,AMPLITUD,LTRENDIDX,M,2017-02,100.7397,
USA,BCI,AMPLITUD,LTRENDIDX,M,2017-03,100.6914,
USA,BCI,AMPLITUD,LTRENDIDX,M,2017-04,100.5446,
USA,BCI,AMPLITUD,LTRENDIDX,M,2017-05,100.542,
USA,BCI,AMPLITUD,LTRENDIDX,M,2017-06,100.7085,
USA,BCI,AMPLITUD,LTRENDIDX,M,2017-07,100.8747,
USA,BCI,AMPLITUD,LTRENDIDX,M,2017-08,101.1174,
USA,BCI,AMPLITUD,LTRENDIDX,M,2017-09,101.2791,
USA,BCI,AMPLITUD,LTRENDIDX,M,2017-10,101.2488,
USA,BCI,AMPLITUD,LTRENDIDX,M,2017-11,101.2184,
USA,BCI,AMPLITUD,LTRENDIDX,M,2017-12,101.2737,
USA,BCI,AMPLITUD,LTRENDIDX,M,2018-01,101.3207,
USA,BCI,AMPLITUD,LTRENDIDX,M,2018-02,101.3432,
USA,BCI,AMPLITUD,LTRENDIDX,M,2018-03,101.2312,
USA,BCI,AMPLITUD,LTRENDIDX,M,2018-04,101.1134,
USA,BCI,AMPLITUD,LTRENDIDX,M,2018-05,101.1557,
USA,BCI,AMPLITUD,LTRENDIDX,M,2018-06,101.2603,
USA,BCI,AMPLITUD,LTRENDIDX,M,2018-07,101.3166,
USA,BCI,AMPLITUD,LTRENDIDX,M,2018-08,101.4102,
USA,BCI,AMPLITUD,LTRENDIDX,M,2018-09,101.3276,
USA,BCI,AMPLITUD,LTRENDIDX,M,2018-10,101.1317,
USA,BCI,AMPLITUD,LTRENDIDX,M,2018-11,100.9309,
USA,BCI,AMPLITUD,LTRENDIDX,M,2018-12,100.6356,
USA,BCI,AMPLITUD,LTRENDIDX,M,2019-01,100.4933,
USA,BCI,AMPLITUD,LTRENDIDX,M,2019-02,100.3383,
USA,BCI,AMPLITUD,LTRENDIDX,M,2019-03,100.2148,
USA,BCI,AMPLITUD,LTRENDIDX,M,2019-04,100.0092,
USA,BCI,AMPLITUD,LTRENDIDX,M,2019-05,99.82457,
USA,BCI,AMPLITUD,LTRENDIDX,M,2019-06,99.66283,
USA,BCI,AMPLITUD,LTRENDIDX,M,2019-07,99.46339,
USA,BCI,AMPLITUD,LTRENDIDX,M,2019-08,99.18092,
USA,BCI,AMPLITUD,LTRENDIDX,M,2019-09,98.88032,
GBR,BCI,AMPLITUD,LTRENDIDX,M,2016-01,100.2654,
GBR,BCI,AMPLITUD,LTRENDIDX,M,2016-02,100.2825,
GBR,BCI,AMPLITUD,LTRENDIDX,M,2016-03,100.3931,
GBR,BCI,AMPLITUD,LTRENDIDX,M,2016-04,100.4842,
GBR,BCI,AMPLITUD,LTRENDIDX,M,2016-05,100.6203,
GBR,BCI,AMPLITUD,LTRENDIDX,M,2016-06,100.6868,
GBR,BCI,AMPLITUD,LTRENDIDX,M,2016-07,100.6214,
GBR,BCI,AMPLITUD,LTRENDIDX,M,2016-08,100.5834,
GBR,BCI,AMPLITUD,LTRENDIDX,M,2016-09,100.6406,
GBR,BCI,AMPLITUD,LTRENDIDX,M,2016-10,100.8273,
GBR,BCI,AMPLITUD,LTRENDIDX,M,2016-11,101.0879,
GBR,BCI,AMPLITUD,LTRENDIDX,M,2016-12,101.2735,
GBR,BCI,AMPLITUD,LTRENDIDX,M,2017-01,101.4544,
GBR,BCI,AMPLITUD,LTRENDIDX,M,2017-02,101.5809,
GBR,BCI,AMPLITUD,LTRENDIDX,M,2017-03,101.6092,
GBR,BCI,AMPLITUD,LTRENDIDX,M,2017-04,101.6308,
GBR,BCI,AMPLITUD,LTRENDIDX,M,2017-05,101.8133,
GBR,BCI,AMPLITUD,LTRENDIDX,M,2017-06,102.0412,
GBR,BCI,AMPLITUD,LTRENDIDX,M,2017-07,102.1633,
GBR,BCI,AMPLITUD,LTRENDIDX,M,2017-08,102.0816,
GBR,BCI,AMPLITUD,LTRENDIDX,M,2017-09,101.9665,
GBR,BCI,AMPLITUD,LTRENDIDX,M,2017-10,101.9403,
GBR,BCI,AMPLITUD,LTRENDIDX,M,2017-11,101.9868,
GBR,BCI,AMPLITUD,LTRENDIDX,M,2017-12,101.9988,
GBR,BCI,AMPLITUD,LTRENDIDX,M,2018-01,101.8333,
GBR,BCI,AMPLITUD,LTRENDIDX,M,2018-02,101.4737,
GBR,BCI,AMPLITUD,LTRENDIDX,M,2018-03,101.1746,
GBR,BCI,AMPLITUD,LTRENDIDX,M,2018-04,101.1468,
GBR,BCI,AMPLITUD,LTRENDIDX,M,2018-05,101.2116,
GBR,BCI,AMPLITUD,LTRENDIDX,M,2018-06,101.3408,
GBR,BCI,AMPLITUD,LTRENDIDX,M,2018-07,101.4374,
GBR,BCI,AMPLITUD,LTRENDIDX,M,2018-08,101.4426,
GBR,BCI,AMPLITUD,LTRENDIDX,M,2018-09,101.351,
GBR,BCI,AMPLITUD,LTRENDIDX,M,2018-10,101.2672,
GBR,BCI,AMPLITUD,LTRENDIDX,M,2018-11,101.272,
GBR,BCI,AMPLITUD,LTRENDIDX,M,2018-12,101.2716,
GBR,BCI,AMPLITUD,LTRENDIDX,M,2019-01,101.0942,
GBR,BCI,AMPLITUD,LTRENDIDX,M,2019-02,100.8595,
GBR,BCI,AMPLITUD,LTRENDIDX,M,2019-03,100.6031,
GBR,BCI,AMPLITUD,LTRENDIDX,M,2019-04,100.2561,
GBR,BCI,AMPLITUD,LTRENDIDX,M,2019-05,99.88077,
GBR,BCI,AMPLITUD,LTRENDIDX,M,2019-06,99.58806,
GBR,BCI,AMPLITUD,LTRENDIDX,M,2019-07,99.30971,
GBR,BCI,AMPLITUD,LTRENDIDX,M,2019-08,99.06021,
GBR,BCI,AMPLITUD,LTRENDIDX,M,2019-09,98.59143,
IDN,BCI,AMPLITUD,LTRENDIDX,M,2016-01,99.69427,
IDN,BCI,AMPLITUD,LTRENDIDX,M,2016-02,99.79652,
IDN,BCI,AMPLITUD,LTRENDIDX,M,2016-03,99.87588,
IDN,BCI,AMPLITUD,LTRENDIDX,M,2016-04,99.90892,
IDN,BCI,AMPLITUD,LTRENDIDX,M,2016-05,99.89729,
IDN,BCI,AMPLITUD,LTRENDIDX,M,2016-06,99.83398,
IDN,BCI,AMPLITUD,LTRENDIDX,M,2016-07,99.71455,
IDN,BCI,AMPLITUD,LTRENDIDX,M,2016-08,99.59975,
IDN,BCI,AMPLITUD,LTRENDIDX,M,2016-09,99.57761,
IDN,BCI,AMPLITUD,LTRENDIDX,M,2016-10,99.72072,
IDN,BCI,AMPLITUD,LTRENDIDX,M,2016-11,99.95103,
IDN,BCI,AMPLITUD,LTRENDIDX,M,2016-12,100.1726,
IDN,BCI,AMPLITUD,LTRENDIDX,M,2017-01,100.317,
IDN,BCI,AMPLITUD,LTRENDIDX,M,2017-02,100.398,
IDN,BCI,AMPLITUD,LTRENDIDX,M,2017-03,100.4348,
IDN,BCI,AMPLITUD,LTRENDIDX,M,2017-04,100.4388,
IDN,BCI,AMPLITUD,LTRENDIDX,M,2017-05,100.4449,
IDN,BCI,AMPLITUD,LTRENDIDX,M,2017-06,100.4934,
IDN,BCI,AMPLITUD,LTRENDIDX,M,2017-07,100.6098,
IDN,BCI,AMPLITUD,LTRENDIDX,M,2017-08,100.7421,
IDN,BCI,AMPLITUD,LTRENDIDX,M,2017-09,100.8159,
IDN,BCI,AMPLITUD,LTRENDIDX,M,2017-10,100.7728,
IDN,BCI,AMPLITUD,LTRENDIDX,M,2017-11,100.6684,
IDN,BCI,AMPLITUD,LTRENDIDX,M,2017-12,100.5711,
IDN,BCI,AMPLITUD,LTRENDIDX,M,2018-01,100.524,
IDN,BCI,AMPLITUD,LTRENDIDX,M,2018-02,100.4978,
IDN,BCI,AMPLITUD,LTRENDIDX,M,2018-03,100.442,
IDN,BCI,AMPLITUD,LTRENDIDX,M,2018-04,100.3146,
IDN,BCI,AMPLITUD,LTRENDIDX,M,2018-05,100.1414,
IDN,BCI,AMPLITUD,LTRENDIDX,M,2018-06,99.9553,
IDN,BCI,AMPLITUD,LTRENDIDX,M,2018-07,99.78152,
IDN,BCI,AMPLITUD,LTRENDIDX,M,2018-08,99.63525,
IDN,BCI,AMPLITUD,LTRENDIDX,M,2018-09,99.54125,
IDN,BCI,AMPLITUD,LTRENDIDX,M,2018-10,99.52579,
IDN,BCI,AMPLITUD,LTRENDIDX,M,2018-11,99.55634,
IDN,BCI,AMPLITUD,LTRENDIDX,M,2018-12,99.601,
IDN,BCI,AMPLITUD,LTRENDIDX,M,2019-01,99.64216,
IDN,BCI,AMPLITUD,LTRENDIDX,M,2019-02,99.67582,
IDN,BCI,AMPLITUD,LTRENDIDX,M,2019-03,99.701,
IDN,BCI,AMPLITUD,LTRENDIDX,M,2019-04,99.71672,
IDN,BCI,AMPLITUD,LTRENDIDX,M,2019-05,99.72735,
IDN,BCI,AMPLITUD,LTRENDIDX,M,2019-06,99.73642,
TUR,BCI,AMPLITUD,LTRENDIDX,M,2016-01,100.2941,
TUR,BCI,AMPLITUD,LTRENDIDX,M,2016-02,99.97361,
TUR,BCI,AMPLITUD,LTRENDIDX,M,2016-03,99.703,
TUR,BCI,AMPLITUD,LTRENDIDX,M,2016-04,99.44742,
TUR,BCI,AMPLITUD,LTRENDIDX,M,2016-05,99.37309,
TUR,BCI,AMPLITUD,LTRENDIDX,M,2016-06,99.55241,
TUR,BCI,AMPLITUD,LTRENDIDX,M,2016-07,99.78067,
TUR,BCI,AMPLITUD,LTRENDIDX,M,2016-08,99.74764,
TUR,BCI,AMPLITUD,LTRENDIDX,M,2016-09,100.1063,
TUR,BCI,AMPLITUD,LTRENDIDX,M,2016-10,100.2423,
TUR,BCI,AMPLITUD,LTRENDIDX,M,2016-11,100.1811,
TUR,BCI,AMPLITUD,LTRENDIDX,M,2016-12,99.66534,
TUR,BCI,AMPLITUD,LTRENDIDX,M,2017-01,99.26117,
TUR,BCI,AMPLITUD,LTRENDIDX,M,2017-02,99.57529,
TUR,BCI,AMPLITUD,LTRENDIDX,M,2017-03,99.71112,
TUR,BCI,AMPLITUD,LTRENDIDX,M,2017-04,99.6991,
TUR,BCI,AMPLITUD,LTRENDIDX,M,2017-05,99.92419,
TUR,BCI,AMPLITUD,LTRENDIDX,M,2017-06,100.6507,
TUR,BCI,AMPLITUD,LTRENDIDX,M,2017-07,101.3397,
TUR,BCI,AMPLITUD,LTRENDIDX,M,2017-08,101.9343,
TUR,BCI,AMPLITUD,LTRENDIDX,M,2017-09,102.4308,
TUR,BCI,AMPLITUD,LTRENDIDX,M,2017-10,102.547,
TUR,BCI,AMPLITUD,LTRENDIDX,M,2017-11,102.2016,
TUR,BCI,AMPLITUD,LTRENDIDX,M,2017-12,101.613,
TUR,BCI,AMPLITUD,LTRENDIDX,M,2018-01,101.1831,
TUR,BCI,AMPLITUD,LTRENDIDX,M,2018-02,100.8353,
TUR,BCI,AMPLITUD,LTRENDIDX,M,2018-03,100.4094,
TUR,BCI,AMPLITUD,LTRENDIDX,M,2018-04,100.1427,
TUR,BCI,AMPLITUD,LTRENDIDX,M,2018-05,99.97923,
TUR,BCI,AMPLITUD,LTRENDIDX,M,2018-06,99.36101,
TUR,BCI,AMPLITUD,LTRENDIDX,M,2018-07,98.47635,
TUR,BCI,AMPLITUD,LTRENDIDX,M,2018-08,97.30871,
TUR,BCI,AMPLITUD,LTRENDIDX,M,2018-09,96.11435,
TUR,BCI,AMPLITUD,LTRENDIDX,M,2018-10,95.45827,
TUR,BCI,AMPLITUD,LTRENDIDX,M,2018-11,95.72456,
TUR,BCI,AMPLITUD,LTRENDIDX,M,2018-12,96.0533,
TUR,BCI,AMPLITUD,LTRENDIDX,M,2019-01,95.93367,
TUR,BCI,AMPLITUD,LTRENDIDX,M,2019-02,95.80922,
TUR,BCI,AMPLITUD,LTRENDIDX,M,2019-03,96.14017,
TUR,BCI,AMPLITUD,LTRENDIDX,M,2019-04,96.70434,
TUR,BCI,AMPLITUD,LTRENDIDX,M,2019-05,96.9079,
TUR,BCI,AMPLITUD,LTRENDIDX,M,2019-06,97.00245,
TUR,BCI,AMPLITUD,LTRENDIDX,M,2019-07,96.88898,
TUR,BCI,AMPLITUD,LTRENDIDX,M,2019-08,97.11948,
TUR,BCI,AMPLITUD,LTRENDIDX,M,2019-09,97.12542,
IND,BCI,AMPLITUD,LTRENDIDX,M,2016-01,98.78189,
IND,BCI,AMPLITUD,LTRENDIDX,M,2016-02,98.75248,
IND,BCI,AMPLITUD,LTRENDIDX,M,2016-03,98.71323,
IND,BCI,AMPLITUD,LTRENDIDX,M,2016-04,98.66623,
IND,BCI,AMPLITUD,LTRENDIDX,M,2016-05,98.61502,
IND,BCI,AMPLITUD,LTRENDIDX,M,2016-06,98.56725,
IND,BCI,AMPLITUD,LTRENDIDX,M,2016-07,98.54154,
IND,BCI,AMPLITUD,LTRENDIDX,M,2016-08,98.57097,
IND,BCI,AMPLITUD,LTRENDIDX,M,2016-09,98.68439,
IND,BCI,AMPLITUD,LTRENDIDX,M,2016-10,98.83276,
IND,BCI,AMPLITUD,LTRENDIDX,M,2016-11,98.95296,
IND,BCI,AMPLITUD,LTRENDIDX,M,2016-12,98.99673,
IND,BCI,AMPLITUD,LTRENDIDX,M,2017-01,98.98784,
IND,BCI,AMPLITUD,LTRENDIDX,M,2017-02,98.9561,
IND,BCI,AMPLITUD,LTRENDIDX,M,2017-03,98.9241,
IND,BCI,AMPLITUD,LTRENDIDX,M,2017-04,98.91681,
IND,BCI,AMPLITUD,LTRENDIDX,M,2017-05,98.97137,
IND,BCI,AMPLITUD,LTRENDIDX,M,2017-06,99.12228,
IND,BCI,AMPLITUD,LTRENDIDX,M,2017-07,99.32458,
IND,BCI,AMPLITUD,LTRENDIDX,M,2017-08,99.52469,
IND,BCI,AMPLITUD,LTRENDIDX,M,2017-09,99.67968,
IND,BCI,AMPLITUD,LTRENDIDX,M,2017-10,99.77882,
IND,BCI,AMPLITUD,LTRENDIDX,M,2017-11,99.7994,
IND,BCI,AMPLITUD,LTRENDIDX,M,2017-12,99.71837,
IND,BCI,AMPLITUD,LTRENDIDX,M,2018-01,99.60264,
IND,BCI,AMPLITUD,LTRENDIDX,M,2018-02,99.5349,
IND,BCI,AMPLITUD,LTRENDIDX,M,2018-03,99.57431,
IND,BCI,AMPLITUD,LTRENDIDX,M,2018-04,99.66895,
IND,BCI,AMPLITUD,LTRENDIDX,M,2018-05,99.74949,
IND,BCI,AMPLITUD,LTRENDIDX,M,2018-06,99.76754,
IND,BCI,AMPLITUD,LTRENDIDX,M,2018-07,99.74803,
IND,BCI,AMPLITUD,LTRENDIDX,M,2018-08,99.72688,
IND,BCI,AMPLITUD,LTRENDIDX,M,2018-09,99.72616,
IND,BCI,AMPLITUD,LTRENDIDX,M,2018-10,99.73091,
IND,BCI,AMPLITUD,LTRENDIDX,M,2018-11,99.71203,
IND,BCI,AMPLITUD,LTRENDIDX,M,2018-12,99.6437,
IND,BCI,AMPLITUD,LTRENDIDX,M,2019-01,99.54442,
IND,BCI,AMPLITUD,LTRENDIDX,M,2019-02,99.43452,
AUS,BCI,AMPLITUD,LTRENDIDX,M,2016-01,100.953,
AUS,BCI,AMPLITUD,LTRENDIDX,M,2016-02,101.0263,
AUS,BCI,AMPLITUD,LTRENDIDX,M,2016-03,100.8407,
AUS,BCI,AMPLITUD,LTRENDIDX,M,2016-04,100.5359,
AUS,BCI,AMPLITUD,LTRENDIDX,M,2016-05,100.305,
AUS,BCI,AMPLITUD,LTRENDIDX,M,2016-06,100.3007,
AUS,BCI,AMPLITUD,LTRENDIDX,M,2016-07,100.4673,
AUS,BCI,AMPLITUD,LTRENDIDX,M,2016-08,100.7445,
AUS,BCI,AMPLITUD,LTRENDIDX,M,2016-09,101.1,
AUS,BCI,AMPLITUD,LTRENDIDX,M,2016-10,101.4517,
AUS,BCI,AMPLITUD,LTRENDIDX,M,2016-11,101.698,
AUS,BCI,AMPLITUD,LTRENDIDX,M,2016-12,101.7531,
AUS,BCI,AMPLITUD,LTRENDIDX,M,2017-01,101.6859,
AUS,BCI,AMPLITUD,LTRENDIDX,M,2017-02,101.5658,
AUS,BCI,AMPLITUD,LTRENDIDX,M,2017-03,101.4304,
AUS,BCI,AMPLITUD,LTRENDIDX,M,2017-04,101.3054,
AUS,BCI,AMPLITUD,LTRENDIDX,M,2017-05,101.2157,
AUS,BCI,AMPLITUD,LTRENDIDX,M,2017-06,101.1858,
AUS,BCI,AMPLITUD,LTRENDIDX,M,2017-07,101.2051,
AUS,BCI,AMPLITUD,LTRENDIDX,M,2017-08,101.2698,
AUS,BCI,AMPLITUD,LTRENDIDX,M,2017-09,101.3767,
AUS,BCI,AMPLITUD,LTRENDIDX,M,2017-10,101.4704,
AUS,BCI,AMPLITUD,LTRENDIDX,M,2017-11,101.474,
AUS,BCI,AMPLITUD,LTRENDIDX,M,2017-12,101.3317,
AUS,BCI,AMPLITUD,LTRENDIDX,M,2018-01,101.143,
AUS,BCI,AMPLITUD,LTRENDIDX,M,2018-02,101.0428,
AUS,BCI,AMPLITUD,LTRENDIDX,M,2018-03,101.1287,
AUS,BCI,AMPLITUD,LTRENDIDX,M,2018-04,101.3,
AUS,BCI,AMPLITUD,LTRENDIDX,M,2018-05,101.4202,
AUS,BCI,AMPLITUD,LTRENDIDX,M,2018-06,101.3953,
AUS,BCI,AMPLITUD,LTRENDIDX,M,2018-07,101.3029,
AUS,BCI,AMPLITUD,LTRENDIDX,M,2018-08,101.2546,
AUS,BCI,AMPLITUD,LTRENDIDX,M,2018-09,101.3269,
AUS,BCI,AMPLITUD,LTRENDIDX,M,2018-10,101.4474,
AUS,BCI,AMPLITUD,LTRENDIDX,M,2018-11,101.5094,
AUS,BCI,AMPLITUD,LTRENDIDX,M,2018-12,101.4384,
AUS,BCI,AMPLITUD,LTRENDIDX,M,2019-01,101.3166,
AUS,BCI,AMPLITUD,LTRENDIDX,M,2019-02,101.267,
AUS,BCI,AMPLITUD,LTRENDIDX,M,2019-03,101.389,
AUS,BCI,AMPLITUD,LTRENDIDX,M,2019-04,101.6204,
AUS,BCI,AMPLITUD,LTRENDIDX,M,2019-05,101.8899,
OECD,BCI,AMPLITUD,LTRENDIDX,M,2016-01,99.811,
OECD,BCI,AMPLITUD,LTRENDIDX,M,2016-02,99.86075,
OECD,BCI,AMPLITUD,LTRENDIDX,M,2016-03,99.92902,
OECD,BCI,AMPLITUD,LTRENDIDX,M,2016-04,99.9607,
OECD,BCI,AMPLITUD,LTRENDIDX,M,2016-05,99.99635,
OECD,BCI,AMPLITUD,LTRENDIDX,M,2016-06,100.0305,
OECD,BCI,AMPLITUD,LTRENDIDX,M,2016-07,100.0118,
OECD,BCI,AMPLITUD,LTRENDIDX,M,2016-08,99.96956,
OECD,BCI,AMPLITUD,LTRENDIDX,M,2016-09,100.0337,
OECD,BCI,AMPLITUD,LTRENDIDX,M,2016-10,100.1453,
OECD,BCI,AMPLITUD,LTRENDIDX,M,2016-11,100.275,
OECD,BCI,AMPLITUD,LTRENDIDX,M,2016-12,100.3959,
OECD,BCI,AMPLITUD,LTRENDIDX,M,2017-01,100.5102,
OECD,BCI,AMPLITUD,LTRENDIDX,M,2017-02,100.6435,
OECD,BCI,AMPLITUD,LTRENDIDX,M,2017-03,100.7071,
OECD,BCI,AMPLITUD,LTRENDIDX,M,2017-04,100.7264,
OECD,BCI,AMPLITUD,LTRENDIDX,M,2017-05,100.7828,
OECD,BCI,AMPLITUD,LTRENDIDX,M,2017-06,100.9116,
OECD,BCI,AMPLITUD,LTRENDIDX,M,2017-07,101.0307,
OECD,BCI,AMPLITUD,LTRENDIDX,M,2017-08,101.1715,
OECD,BCI,AMPLITUD,LTRENDIDX,M,2017-09,101.2918,
OECD,BCI,AMPLITUD,LTRENDIDX,M,2017-10,101.3248,
OECD,BCI,AMPLITUD,LTRENDIDX,M,2017-11,101.3337,
OECD,BCI,AMPLITUD,LTRENDIDX,M,2017-12,101.3432,
OECD,BCI,AMPLITUD,LTRENDIDX,M,2018-01,101.3247,
OECD,BCI,AMPLITUD,LTRENDIDX,M,2018-02,101.2783,
OECD,BCI,AMPLITUD,LTRENDIDX,M,2018-03,101.1847,
OECD,BCI,AMPLITUD,LTRENDIDX,M,2018-04,101.1157,
OECD,BCI,AMPLITUD,LTRENDIDX,M,2018-05,101.1118,
OECD,BCI,AMPLITUD,LTRENDIDX,M,2018-06,101.1216,
OECD,BCI,AMPLITUD,LTRENDIDX,M,2018-07,101.1044,
OECD,BCI,AMPLITUD,LTRENDIDX,M,2018-08,101.0716,
OECD,BCI,AMPLITUD,LTRENDIDX,M,2018-09,100.962,
OECD,BCI,AMPLITUD,LTRENDIDX,M,2018-10,100.8244,
OECD,BCI,AMPLITUD,LTRENDIDX,M,2018-11,100.7039,
OECD,BCI,AMPLITUD,LTRENDIDX,M,2018-12,100.5364,
OECD,BCI,AMPLITUD,LTRENDIDX,M,2019-01,100.3987,
OECD,BCI,AMPLITUD,LTRENDIDX,M,2019-02,100.2729,
OECD,BCI,AMPLITUD,LTRENDIDX,M,2019-03,100.185,
OECD,BCI,AMPLITUD,LTRENDIDX,M,2019-04,100.0733,
OECD,BCI,AMPLITUD,LTRENDIDX,M,2019-05,99.94571,
OECD,BCI,AMPLITUD,LTRENDIDX,M,2019-06,99.80083,
OECD,BCI,AMPLITUD,LTRENDIDX,M,2019-07,99.63015,
OECD,BCI,AMPLITUD,LTRENDIDX,M,2019-08,99.47853,
OECD,BCI,AMPLITUD,LTRENDIDX,M,2019-09,99.28525,
BRA,BCI,AMPLITUD,LTRENDIDX,M,2016-01,97.20363,
BRA,BCI,AMPLITUD,LTRENDIDX,M,2016-02,97.13812,
BRA,BCI,AMPLITUD,LTRENDIDX,M,2016-03,97.15871,
BRA,BCI,AMPLITUD,LTRENDIDX,M,2016-04,97.3055,
BRA,BCI,AMPLITUD,LTRENDIDX,M,2016-05,97.54219,
BRA,BCI,AMPLITUD,LTRENDIDX,M,2016-06,97.89916,
BRA,BCI,AMPLITUD,LTRENDIDX,M,2016-07,98.26437,
BRA,BCI,AMPLITUD,LTRENDIDX,M,2016-08,98.49573,
BRA,BCI,AMPLITUD,LTRENDIDX,M,2016-09,98.62177,
BRA,BCI,AMPLITUD,LTRENDIDX,M,2016-10,98.61034,
BRA,BCI,AMPLITUD,LTRENDIDX,M,2016-11,98.57381,
BRA,BCI,AMPLITUD,LTRENDIDX,M,2016-12,98.58728,
BRA,BCI,AMPLITUD,LTRENDIDX,M,2017-01,98.73889,
BRA,BCI,AMPLITUD,LTRENDIDX,M,2017-02,98.88171,
BRA,BCI,AMPLITUD,LTRENDIDX,M,2017-03,99.03423,
BRA,BCI,AMPLITUD,LTRENDIDX,M,2017-04,99.11333,
BRA,BCI,AMPLITUD,LTRENDIDX,M,2017-05,99.11309,
BRA,BCI,AMPLITUD,LTRENDIDX,M,2017-06,99.06698,
BRA,BCI,AMPLITUD,LTRENDIDX,M,2017-07,99.13103,
BRA,BCI,AMPLITUD,LTRENDIDX,M,2017-08,99.29862,
BRA,BCI,AMPLITUD,LTRENDIDX,M,2017-09,99.54346,
BRA,BCI,AMPLITUD,LTRENDIDX,M,2017-10,99.85909,
BRA,BCI,AMPLITUD,LTRENDIDX,M,2017-11,100.1658,
BRA,BCI,AMPLITUD,LTRENDIDX,M,2017-12,100.3817,
BRA,BCI,AMPLITUD,LTRENDIDX,M,2018-01,100.5021,
BRA,BCI,AMPLITUD,LTRENDIDX,M,2018-02,100.5633,
BRA,BCI,AMPLITUD,LTRENDIDX,M,2018-03,100.5914,
BRA,BCI,AMPLITUD,LTRENDIDX,M,2018-04,100.5545,
BRA,BCI,AMPLITUD,LTRENDIDX,M,2018-05,100.473,
BRA,BCI,AMPLITUD,LTRENDIDX,M,2018-06,100.3595,
BRA,BCI,AMPLITUD,LTRENDIDX,M,2018-07,100.2729,
BRA,BCI,AMPLITUD,LTRENDIDX,M,2018-08,100.1285,
BRA,BCI,AMPLITUD,LTRENDIDX,M,2018-09,99.90846,
BRA,BCI,AMPLITUD,LTRENDIDX,M,2018-10,99.7647,
BRA,BCI,AMPLITUD,LTRENDIDX,M,2018-11,99.78378,
BRA,BCI,AMPLITUD,LTRENDIDX,M,2018-12,99.89581,
BRA,BCI,AMPLITUD,LTRENDIDX,M,2019-01,100.0625,
BRA,BCI,AMPLITUD,LTRENDIDX,M,2019-02,100.1512,
BRA,BCI,AMPLITUD,LTRENDIDX,M,2019-03,100.1274,
BRA,BCI,AMPLITUD,LTRENDIDX,M,2019-04,100.076,
BRA,BCI,AMPLITUD,LTRENDIDX,M,2019-05,99.9772,
BRA,BCI,AMPLITUD,LTRENDIDX,M,2019-06,99.85387,
BRA,BCI,AMPLITUD,LTRENDIDX,M,2019-07,99.77425,
BRA,BCI,AMPLITUD,LTRENDIDX,M,2019-08,99.76799,
BRA,BCI,AMPLITUD,LTRENDIDX,M,2019-09,99.78164,
DEU,BCI,AMPLITUD,LTRENDIDX,M,2016-01,100.4371,
DEU,BCI,AMPLITUD,LTRENDIDX,M,2016-02,100.3504,
DEU,BCI,AMPLITUD,LTRENDIDX,M,2016-03,100.3322,
DEU,BCI,AMPLITUD,LTRENDIDX,M,2016-04,100.379,
DEU,BCI,AMPLITUD,LTRENDIDX,M,2016-05,100.462,
DEU,BCI,AMPLITUD,LTRENDIDX,M,2016-06,100.5443,
DEU,BCI,AMPLITUD,LTRENDIDX,M,2016-07,100.6064,
DEU,BCI,AMPLITUD,LTRENDIDX,M,2016-08,100.6614,
DEU,BCI,AMPLITUD,LTRENDIDX,M,2016-09,100.7787,
DEU,BCI,AMPLITUD,LTRENDIDX,M,2016-10,100.8887,
DEU,BCI,AMPLITUD,LTRENDIDX,M,2016-11,100.9578,
DEU,BCI,AMPLITUD,LTRENDIDX,M,2016-12,101.0398,
DEU,BCI,AMPLITUD,LTRENDIDX,M,2017-01,101.1097,
DEU,BCI,AMPLITUD,LTRENDIDX,M,2017-02,101.198,
DEU,BCI,AMPLITUD,LTRENDIDX,M,2017-03,101.3209,
DEU,BCI,AMPLITUD,LTRENDIDX,M,2017-04,101.4781,
DEU,BCI,AMPLITUD,LTRENDIDX,M,2017-05,101.6382,
DEU,BCI,AMPLITUD,LTRENDIDX,M,2017-06,101.8085,
DEU,BCI,AMPLITUD,LTRENDIDX,M,2017-07,101.9609,
DEU,BCI,AMPLITUD,LTRENDIDX,M,2017-08,102.089,
DEU,BCI,AMPLITUD,LTRENDIDX,M,2017-09,102.2281,
DEU,BCI,AMPLITUD,LTRENDIDX,M,2017-10,102.3601,
DEU,BCI,AMPLITUD,LTRENDIDX,M,2017-11,102.4467,
DEU,BCI,AMPLITUD,LTRENDIDX,M,2017-12,102.5032,
DEU,BCI,AMPLITUD,LTRENDIDX,M,2018-01,102.4898,
DEU,BCI,AMPLITUD,LTRENDIDX,M,2018-02,102.3743,
DEU,BCI,AMPLITUD,LTRENDIDX,M,2018-03,102.2426,
DEU,BCI,AMPLITUD,LTRENDIDX,M,2018-04,102.1768,
DEU,BCI,AMPLITUD,LTRENDIDX,M,2018-05,102.1377,
DEU,BCI,AMPLITUD,LTRENDIDX,M,2018-06,102.0962,
DEU,BCI,AMPLITUD,LTRENDIDX,M,2018-07,102.0287,
DEU,BCI,AMPLITUD,LTRENDIDX,M,2018-08,101.9696,
DEU,BCI,AMPLITUD,LTRENDIDX,M,2018-09,101.8735,
DEU,BCI,AMPLITUD,LTRENDIDX,M,2018-10,101.7281,
DEU,BCI,AMPLITUD,LTRENDIDX,M,2018-11,101.5641,
DEU,BCI,AMPLITUD,LTRENDIDX,M,2018-12,101.3628,
DEU,BCI,AMPLITUD,LTRENDIDX,M,2019-01,101.1659,
DEU,BCI,AMPLITUD,LTRENDIDX,M,2019-02,100.9421,
DEU,BCI,AMPLITUD,LTRENDIDX,M,2019-03,100.6653,
DEU,BCI,AMPLITUD,LTRENDIDX,M,2019-04,100.3756,
DEU,BCI,AMPLITUD,LTRENDIDX,M,2019-05,100.122,
DEU,BCI,AMPLITUD,LTRENDIDX,M,2019-06,99.84114,
DEU,BCI,AMPLITUD,LTRENDIDX,M,2019-07,99.59995,
DEU,BCI,AMPLITUD,LTRENDIDX,M,2019-08,99.43368,
DEU,BCI,AMPLITUD,LTRENDIDX,M,2019-09,99.20885,
CAN,BCI,AMPLITUD,LTRENDIDX,M,2016-01,99.32753,
CAN,BCI,AMPLITUD,LTRENDIDX,M,2016-02,99.35637,
CAN,BCI,AMPLITUD,LTRENDIDX,M,2016-03,99.41723,
CAN,BCI,AMPLITUD,LTRENDIDX,M,2016-04,99.47931,
CAN,BCI,AMPLITUD,LTRENDIDX,M,2016-05,99.52083,
CAN,BCI,AMPLITUD,LTRENDIDX,M,2016-06,99.54317,
CAN,BCI,AMPLITUD,LTRENDIDX,M,2016-07,99.5484,
CAN,BCI,AMPLITUD,LTRENDIDX,M,2016-08,99.53593,
CAN,BCI,AMPLITUD,LTRENDIDX,M,2016-09,99.51637,
CAN,BCI,AMPLITUD,LTRENDIDX,M,2016-10,99.50497,
CAN,BCI,AMPLITUD,LTRENDIDX,M,2016-11,99.52207,
CAN,BCI,AMPLITUD,LTRENDIDX,M,2016-12,99.58553,
CAN,BCI,AMPLITUD,LTRENDIDX,M,2017-01,99.7317,
CAN,BCI,AMPLITUD,LTRENDIDX,M,2017-02,99.98998,
CAN,BCI,AMPLITUD,LTRENDIDX,M,2017-03,100.2749,
CAN,BCI,AMPLITUD,LTRENDIDX,M,2017-04,100.4703,
CAN,BCI,AMPLITUD,LTRENDIDX,M,2017-05,100.4879,
CAN,BCI,AMPLITUD,LTRENDIDX,M,2017-06,100.4141,
CAN,BCI,AMPLITUD,LTRENDIDX,M,2017-07,100.3591,
CAN,BCI,AMPLITUD,LTRENDIDX,M,2017-08,100.3977,
CAN,BCI,AMPLITUD,LTRENDIDX,M,2017-09,100.4908,
CAN,BCI,AMPLITUD,LTRENDIDX,M,2017-10,100.5804,
CAN,BCI,AMPLITUD,LTRENDIDX,M,2017-11,100.6292,
CAN,BCI,AMPLITUD,LTRENDIDX,M,2017-12,100.665,
CAN,BCI,AMPLITUD,LTRENDIDX,M,2018-01,100.7312,
CAN,BCI,AMPLITUD,LTRENDIDX,M,2018-02,100.8518,
CAN,BCI,AMPLITUD,LTRENDIDX,M,2018-03,100.9645,
CAN,BCI,AMPLITUD,LTRENDIDX,M,2018-04,100.9719,
CAN,BCI,AMPLITUD,LTRENDIDX,M,2018-05,100.8003,
CAN,BCI,AMPLITUD,LTRENDIDX,M,2018-06,100.5634,
CAN,BCI,AMPLITUD,LTRENDIDX,M,2018-07,100.4101,
CAN,BCI,AMPLITUD,LTRENDIDX,M,2018-08,100.4381,
CAN,BCI,AMPLITUD,LTRENDIDX,M,2018-09,100.5229,
CAN,BCI,AMPLITUD,LTRENDIDX,M,2018-10,100.4805,
CAN,BCI,AMPLITUD,LTRENDIDX,M,2018-11,100.1729,
CAN,BCI,AMPLITUD,LTRENDIDX,M,2018-12,99.74115,
CAN,BCI,AMPLITUD,LTRENDIDX,M,2019-01,99.37975,
CAN,BCI,AMPLITUD,LTRENDIDX,M,2019-02,99.23483,
CAN,BCI,AMPLITUD,LTRENDIDX,M,2019-03,99.23242,
CAN,BCI,AMPLITUD,LTRENDIDX,M,2019-04,99.28053,