source,text,created_at,retweet_count,favorite_count,is_retweet,id_str
Twitter for iPhone,Good things are happening at China Trade Talk Meeting. Warmer feelings than in recent past more like the Old Days. I will be meeting with the Vice Premier today. All would like to see something significant happen!,10/11/19,17305,86850,FALSE,1.18E+18
Twitter for iPhone,RT @TeamTrump: President @realDonaldTrump is negotiating REAL trade deals for the American people.He’s made fairer trade deals with:? J…,10/08/19,8957,0,TRUE,1.18E+18
Twitter for iPhone,RT @TeamTrump: WATCH: President @realDonaldTrump discusses signing two early outcomes from trade negotiations with Japan!1?? Will allow b…,10/08/19,8078,0,TRUE,1.18E+18
Twitter for iPhone,RT @WhiteHouse: President @realDonaldTrump just signed two new trade agreements with Japan changing the game for American farmers and ranc…,10/08/19,12051,0,TRUE,1.18E+18
Twitter for iPhone,RT @IvankaTrump: Today the USA and Japan signed 2 new trade agreements ???? ????1) Agricultural Agt: +90% of US ag imports into Japan will be…,10/08/19,10930,0,TRUE,1.18E+18
Twitter for iPhone,.....again said “NO” thinking as usual that the U.S. is always the “sucker” on NATO on Trade on everything. The Kurds fought with us but were paid massive amounts of money and equipment to do so. They have been fighting Turkey for decades. I held off this fight for....,10/07/19,8006,28497,FALSE,1.18E+18
Twitter for iPhone,The U.S. won a $7.5 Billion award from the World Trade Organization against the European Union who has for many years treated the USA very badly on Trade due to Tariffs Trade Barriers and more. This case going on for years a nice victory!,10/03/19,25811,109082,FALSE,1.18E+18
Twitter for iPhone,RT @MariaBartiromo: House Democrats should stop delaying and put the country first by passing the USMCA trade deal write @senatemajldr and…,10/01/19,7854,0,TRUE,1.18E+18
Twitter for iPhone,....place in TRADE it’s taking shape in Military Competition.” Johnathan Ward author and China expert. We are winning and we will win. They should not have broken the deal we had with them. Happy Birthday China!,09/30/19,13404,63054,FALSE,1.18E+18
Twitter for iPhone,“China Trade Turmoil: China Urging a CALM AND RATIONAL Solution.” @MariaBartiromo @FoxBusiness China is doing very poorly while the USA under your favorite President’s leadership continues to soar to new heights - and despite the Do Nothing Democrats we have just begun!,09/30/19,12961,52200,FALSE,1.18E+18
Twitter for iPhone,RT @RepChuck: Speaker Pelosi: Focused on taking down @realDonaldTrump at any cost.@POTUS: Focused on securing better trade deals for hard…,09/26/19,9195,0,TRUE,1.18E+18
Twitter for iPhone,RT @GovBillLee: The USMCA is a 21st-century trade deal for a 21st-century market that will fuel economic growth right here in Tennessee cr…,09/16/19,5011,0,TRUE,1.17E+18
Twitter for iPhone,....VERY stupidly negotiated Trade Deals and Illegal Immigration are a tremendous cost and burden to our Country. They are BOTH coming along very well and someday in the not too distant future America will see a very positive change. Remember America First!,09/13/19,12703,55611,FALSE,1.17E+18
Twitter for iPhone,RT @VP: The #USMCA is a deal for the 21st Century that will support mutually beneficial trade and lead to freer and fairer markets! #USMCAn…,09/12/19,4777,0,TRUE,1.17E+18
Twitter for iPhone,RT @VP: The #USMCA is the modern trade deal that hardworking Americans across the country deserve. The time for Congress to put Americans F…,09/12/19,5834,0,TRUE,1.17E+18
Twitter for iPhone,RT @VP: The #USMCA means:? Stronger Economic Growth? More Jobs? More Exports? Rising Wages Let’s pass a trade deal for ALL Americans!…,09/12/19,4713,0,TRUE,1.17E+18
Twitter for iPhone,“U.S. Winning Trade War With China In Dollars.” CNBC,09/04/19,13265,60602,FALSE,1.17E+18
Twitter for iPhone,For all of the “geniuses” out there many who have been in other administrations and “taken to the cleaners” by China that want me to get together with the EU and others to go after China Trade practices remember the EU &amp; all treat us VERY unfairly on Trade also. Will change!,09/03/19,16751,69610,FALSE,1.17E+18
Twitter for iPhone,...Trade Agreement.” @business @ChuckGrassley @joniernst @SenatorFischer @BenSasse Making great progress for our Farmers. Approved E-15 year round. Big additional list to be submitted &amp; approved within two weeks. Will be even better for Ethanol and we save our small refineries!,09/03/19,10662,53492,FALSE,1.17E+18
Twitter for iPhone,....Trade Agreement.” @business @ChuckGrassley @joniernst  @debfisher @BenSasse Making great progress for our Farmers. Approved E-15 year round. Big additional list to be submitted and approved within two weeks. Will be even better for Ethanol and we save our small refineries!,09/02/19,5905,22528,FALSE,1.17E+18
Twitter for iPhone,Just watched AFL-CIO President Richard Trumka on @FoxNews and thought to myself how different he is on TV than he is when he is with me at the White House. Likes what we are doing until the cameras go on. We got robbed on Trade and everything else while his Dems just sat back....,09/02/19,13286,59928,FALSE,1.17E+18
Twitter for iPhone,....and watched. NAFTA is the worst Trade Deal ever made - terrible for labor - and Richard let it stand. No wonder unions are losing so much. The workers will vote for me in 2020 (lowest unemployment most jobs ever) and should stop paying exorbitant $Dues not worth it!,09/02/19,11416,53939,FALSE,1.17E+18
Twitter for iPhone,Just watched Congresswoman Debbie Dingell and many other Democrats wanting to give up on our very successful Trade battle with China which has had its worst Economic year in memory (and getting worse). We are taking in $Billions. Will be big for Farmers and ALL!,08/31/19,15714,68053,FALSE,1.17E+18
Twitter for iPhone,RT @MeetThePress: WATCH: Club for Growth president David McIntosh defends his organization's support for President Trump despite the trade…,08/30/19,4517,0,TRUE,1.17E+18
Twitter for iPhone,RT @GOP: “Look what [@realDonaldTrump] did with Japan at the G7. This is a huge trade agreement he secured with them— agriculture beef bu…,08/29/19,11353,0,TRUE,1.17E+18
Twitter for iPhone,"RT @WhiteHouse: .@USTradeRep Lighthizer on today's trade announcement: ""It has 3 parts—agriculture industrial tariffs and digital trade .…",08/25/19,8871,0,TRUE,1.17E+18
Twitter for iPhone,Big Trade Deal just agreed to with Prime Minister Abe of Japan. Will be great for our Farmers Ranchers and more. Really big Corn purchase!,08/25/19,16551,70684,FALSE,1.17E+18
Twitter for iPhone,"RT @WhiteHouse: JUST NOW: President @realDonaldTrump and Prime Minister @AbeShinzo announced a trade deal. ""This is a tremendous deal for…",08/25/19,14610,0,TRUE,1.17E+18
Twitter for iPhone,When I looked up to the sky and jokingly said “I am the chosen one” at a press conference two days ago referring to taking on Trade with China little did I realize that the media would claim that I had a “Messiah complex.” They knew I was kidding being sarcastic and just....,08/24/19,26741,136543,FALSE,1.17E+18
Twitter for iPhone,Just spoke with President @JairBolsonaro of Brazil. Our future Trade prospects are very exciting and our relationship is strong perhaps stronger than ever before. I told him if the United States can help with the Amazon Rainforest fires we stand ready to assist!,08/23/19,37685,176206,FALSE,1.17E+18
Twitter for iPhone,For many years China (and many other countries) has been taking advantage of the United States on Trade Intellectual Property Theft and much more. Our Country has been losing HUNDREDS OF BILLIONS OF DOLLARS a year to China with no end in sight....,08/23/19,21042,87990,FALSE,1.17E+18
Twitter for iPhone,....Sadly past Administrations have allowed China to get so far ahead of Fair and Balanced Trade that it has become a great burden to the American Taxpayer. As President I can no longer allow this to happen! In the spirit of achieving Fair Trade we must Balance this very....,08/23/19,7879,29719,FALSE,1.17E+18
Twitter for iPhone,Doing great with China and other Trade Deals. The only problem we have is Jay Powell and the Fed. He’s like a golfer who can’t putt has no touch. Big U.S. growth if he does the right thing BIG CUT - but don’t count on him! So far he has called it wrong and only let us down....,08/21/19,14969,66563,FALSE,1.16E+18
Twitter for iPhone,Great discussion with Prime Minister @BorisJohnson today. We talked about Brexit and how we can move rapidly on a US-UK free trade deal. I look forward to meeting with Boris this weekend at the @G7 in France!,08/19/19,15708,66992,FALSE,1.16E+18
Twitter for iPhone,Spoke to my two good friends Prime Minister Modi of India and Prime Minister Khan of Pakistan regarding Trade Strategic Partnerships and most importantly for India and Pakistan to work towards reducing tensions in Kashmir. A tough situation but good conversations!,08/19/19,22767,113100,FALSE,1.16E+18
Twitter for iPhone,Our economy is the best in the world by far. Lowest unemployment ever within almost all categories. Poised for big growth after trade deals are completed. Import prices down China eating Tariffs. Helping targeted Farmers from big Tariff money coming in. Great future for USA!,08/18/19,18612,77659,FALSE,1.16E+18
Twitter for iPhone,“If they don’t get this Trade Deal with the U.S. done China could have it first recession (or worse!) in years. There’s disinvestment in China right now. Also the Fed is too tight (I agree).” Steve Moore Heritage Foundation,08/15/19,15431,65491,FALSE,1.16E+18
Twitter for iPhone,The Fake News Media is doing everything they can to crash the economy because they think that will be bad for me and my re-election. The problem they have is that the economy is way too strong and we will soon be winning big on Trade and everyone knows that including China!,08/15/19,21570,80707,FALSE,1.16E+18
Twitter for iPhone,Our Great Farmers know how important it is to win on Trade. They will be the big winners!,08/15/19,11760,56035,FALSE,1.16E+18
Twitter for iPhone,Many incredible things are happening right now for our Country. After years of being ripped off by other nations on both Trade Deals and the Military things are changing fast. Big progress is being made. America is respected again. KEEP AMERICA GREAT!,08/11/19,28668,130437,FALSE,1.16E+18
Twitter for iPhone,China is intent on continuing to receive the hundreds of Billions of Dollars they have been taking from the U.S. with unfair trade practices and currency manipulation. So one-sided it should have been stopped many years ago!,08/05/19,15908,71530,FALSE,1.16E+18
Twitter for iPhone,Countries are coming to us wanting to negotiate REAL trade deals not the one sided horror show deals made by past administrations. They don’t want to be targeted for Tariffs by the U.S.,08/03/19,19078,87729,FALSE,1.16E+18
Twitter Web App,...We look forward to continuing our positive dialogue with China on a comprehensive Trade Deal and feel that the future between our two countries will be a very bright one!,08/01/19,13201,69995,FALSE,1.16E+18
Twitter Web App,...buy agricultural product from the U.S. in large quantities but did not do so. Additionally my friend President Xi said that he would stop the sale of Fentanyl to the United States – this never happened and many Americans continue to die! Trade talks are continuing and...,08/01/19,6646,27020,FALSE,1.16E+18
Twitter Web App,Our representatives have just returned from China where they had constructive talks having to do with a future Trade Deal. We thought we had a deal with China three months ago but sadly China decided to re-negotiate the deal prior to signing. More recently China agreed to...,08/01/19,16913,81232,FALSE,1.16E+18
Twitter for iPhone,The Democrats are still doing the Russians dirty work as they continue to push the fake crime. Media credibility is now shot Democrat credibility is shot they’ve wasted over 100 hearings on a Hoax they’ve done nothing on Infrastructure drug prices trade....@JesseBWatters,07/28/19,17249,68311,FALSE,1.16E+18
Twitter for iPhone,The WTO is BROKEN when the world’s RICHEST countries claim to be developing countries to avoid WTO rules and get special treatment. NO more!!! Today I directed the U.S. Trade Representative to take action so that countries stop CHEATING the system at the expense of the USA!,07/26/19,27602,108502,FALSE,1.15E+18
Twitter for iPhone,RT @PAChamber: Trade with Canada and Mexico supports more than 12 million American jobs in every state in the Union. In fact 49 U.S. state…,07/12/19,4246,0,TRUE,1.15E+18
Twitter for iPhone,RT @LtGovHusted: “We have a technology infused economy. We need a trade deal that represents that” - Lt. Governor @JonHusted encouraging q…,07/12/19,4078,0,TRUE,1.15E+18
Twitter for iPhone,I am not a fan of Bitcoin and other Cryptocurrencies which are not money and whose value is highly volatile and based on thin air. Unregulated Crypto Assets can facilitate unlawful behavior including drug trade and other illegal activity....,07/12/19,18946,71812,FALSE,1.15E+18
Twitter for iPhone,Very good numbers on the economy. Much potential for growth. Trade deals being negotiated or being set up for negotiation. We have been treated very unfairly (to put it mildly) by other countries for many years but that is changing!,07/09/19,14861,73189,FALSE,1.15E+18
Twitter for iPhone,I am in South Korea now. President Moon and I have “toasted” our new Trade Deal a far better one for us than that which it replaced. Today I will visit with and speak to our Troops - and also go to the the DMZ (long planned). My meeting with President Moon went very well!,06/29/19,22885,114947,FALSE,1.15E+18
Twitter for iPhone,I am in South Korea now. President Moon and I have “toasted” our new Trade Deal a far better one for us than that which it replaced. Today I will visit with and speak to our Troops - and also go the the DMZ (long planned). My meeting with President Moon went very well!,06/29/19,6194,26391,FALSE,1.15E+18
Twitter for iPhone,RT @dougducey: Proud to stand with 27 other governors in calling for Congress to ratify #USMCA. It updates our nation’s trade agreements wi…,06/26/19,5141,0,TRUE,1.14E+18
Twitter for iPhone,I am at Camp David working on many things including Iran! We have a great Economy Tariffs have been very helpful both with respect to the huge Dollars coming IN &amp; on helping to make good Trade Deals. The Dow heading to BEST June in 80 years! Stock Market BEST June in 50 years!,06/22/19,17666,78495,FALSE,1.14E+18
Twitter for iPhone,On my way to Iowa - just heard nearly 1000 agriculture groups signed a letter urging Congress to approve the USMCA. Our Patriot Farmers &amp; rural America have spoken! Now Congress must do its job &amp; support these great men and women by passing the bipartisan USMCA Trade Agreement!,06/11/19,19429,79048,FALSE,1.14E+18
Twitter for iPhone,Nervous Nancy Pelosi &amp; the Democrat House are getting nothing done. Perhaps they could lead the way with the USMCA the spectacular &amp; very popular new Trade Deal that replaces NAFTA the worst Trade Deal in the history of the U.S.A. Great for our Farmers Manufacturers &amp; Unions!,06/08/19,21087,85750,FALSE,1.14E+18
Twitter for iPhone,Could not have been treated more warmly in the United Kingdom by the Royal Family or the people. Our relationship has never been better and I see a very big Trade Deal down the road. “This trip has been an incredible success for the President.” @IngrahamAngle,06/05/19,21740,113592,FALSE,1.14E+18
Twitter for iPhone,....Fake News will be working hard to find them. Great love all around. Also big Trade Deal is possible once U.K. gets rid of the shackles. Already starting to talk!,06/03/19,22267,124305,FALSE,1.14E+18
Twitter for iPhone,90% of the Drugs coming into the United States come through Mexico &amp; our Southern Border. 80000 people died last year 1000000 people ruined. This has gone on for many years &amp; nothing has been done about it. We have a 100 Billion Dollar Trade Deficit with Mexico. It’s time!,05/31/19,29155,109598,FALSE,1.13E+18
Twitter for iPhone,Great progress being made in our Trade Negotiations with Japan. Agriculture and beef heavily in play. Much will wait until after their July elections where I anticipate big numbers!,05/26/19,21080,87032,FALSE,1.13E+18
Twitter for iPhone,RT @GOPChairwoman: The @realDonaldTrump administration's fight for better trade deals doesn't end with China. The president is working ha…,05/25/19,8646,0,TRUE,1.13E+18
Twitter for iPhone,The real trade war began 30 years ago and we lost. This is a bright new Age the Age of Enlightenment. We don’t lose anymore! https://t.co/5ECmBpsI6D,05/25/19,18988,69665,FALSE,1.13E+18
Twitter for iPhone,Departed the @WhiteHouse and am now on Air Force One with the First Lady heading to Japan and looking forward to honoring on behalf of the United States His Majesty the Emperor of Japan. I will also be discussing Trade and Military with my friend Prime Minister @AbeShinzo. https://t.co/uwEjQNbEXE,05/24/19,19264,85714,FALSE,1.13E+18
Twitter for iPhone,I am on Air Force one with the First Lady heading to Japan and looking forward to honoring on behalf of the United States His Majesty the Emperor of Japan. I will also be discussing Trade and Military with my friend Prime Minister @AbeShinzo.,05/24/19,4997,21699,FALSE,1.13E+18
Twitter for iPhone,RT @ChuckGrassley: Another trade breakthru 2day w Japan lifting restrictions on US beef products. US beef into Japan has been 1 of the most…,05/22/19,6806,0,TRUE,1.13E+18
Twitter for iPhone,....of the tremendous ground we have lost to China on Trade since the ridiculous one sided formation of the WTO. It will all happen and much faster than people think!,05/14/19,15508,85117,FALSE,1.13E+18
Twitter for iPhone,RT @GOPChairwoman: While @realDonaldTrump is standing up to China’s unfair trade practices Joe Biden says they are not “competition for us…,05/11/19,11297,0,TRUE,1.13E+18
Twitter for iPhone,RT @TommyHicksGOP: For years China has engaged in unfair trade practices. While the US-China relationship is important @realDonaldTrump i…,05/11/19,4368,0,TRUE,1.13E+18
Twitter for iPhone,Over the course of the past two days the United States and China have held candid and constructive conversations on the status of the trade relationship between both countries. The relationship between President Xi and myself remains a very strong one and conversations....,05/10/19,17197,85559,FALSE,1.13E+18
Twitter for iPhone,We have lost 500 Billion Dollars a year for many years on Crazy Trade with China. NO MORE!,05/10/19,19829,82066,FALSE,1.13E+18
Twitter for iPhone,The reason for the China pullback &amp; attempted renegotiation of the Trade Deal is the sincere HOPE that they will be able to “negotiate” with Joe Biden or one of the very weak Democrats and thereby continue to ripoff the United States (($500 Billion a year)) for years to come....,05/08/19,20947,85311,FALSE,1.13E+18
Twitter for iPhone,Just spoke to Prime Minister Abe of Japan concerning North Korea and Trade. Very good conversation!,05/06/19,16791,82909,FALSE,1.13E+18
Twitter for iPhone,The United States has been losing for many years 600 to 800 Billion Dollars a year on Trade. With China we lose 500 Billion Dollars. Sorry we’re not going to be doing that anymore!,05/06/19,28353,121524,FALSE,1.13E+18
Twitter for iPhone,....of additional goods sent to us by China remain untaxed but will be shortly at a rate of 25%. The Tariffs paid to the USA have had little impact on product cost mostly borne by China. The Trade Deal with China continues but too slowly as they attempt to renegotiate. No!,05/05/19,18577,77372,FALSE,1.13E+18
Twitter for iPhone,....We discussed Trade Venezuela Ukraine North Korea Nuclear Arms Control and even the “Russian Hoax.” Very productive talk!,05/03/19,20803,101534,FALSE,1.12E+18
Twitter for iPhone,RT @WhiteHouse: President @realDonaldTrump is fixing American trade to bring our steel and manufacturing jobs back HOME!https://t.co/PjD6…,05/03/19,11983,0,TRUE,1.12E+18
Twitter for iPhone,Great day with Prime Minister @AbeShinzo of Japan. We played a quick round of golf by the beautiful Potomac River while talking Trade and many other subjects. He has now left for Japan and I am on my way to Wisconsin where a very large crowd of friends await! https://t.co/ZvyxJ8sIw2,04/27/19,13758,67501,FALSE,1.12E+18
Twitter for iPhone,Spoke to the Prime Minister of Italy Giuseppe Conte mostly concerning Immigration Taxes Trade and the Economy of both of our countries. Very good call!,04/22/19,13666,72059,FALSE,1.12E+18
Twitter for iPhone,The World Trade Organization finds that the European Union subsidies to Airbus has adversely impacted the United States which will now put Tariffs on $11 Billion of EU products! The EU has taken advantage of the U.S. on trade for many years. It will soon stop!,04/09/19,20112,76045,FALSE,1.12E+18
Twitter for iPhone,My Administration looks forward to negotiating a large scale Trade Deal with the United Kingdom. The potential is unlimited!,03/14/19,19231,86573,FALSE,1.11E+18
Twitter for iPhone,I have asked China to immediately remove all Tariffs on our agricultural products (including beef pork etc.) based on the fact that we are moving along nicely with Trade discussions....,03/01/19,22889,123451,FALSE,1.10E+18
Twitter for iPhone,China Trade Deal (and more) in advanced stages. Relationship between our two Countries is very strong. I have therefore agreed to delay U.S. tariff hikes. Let’s see what happens?,02/25/19,15973,79728,FALSE,1.10E+18
Twitter for iPhone,I am pleased to report that the U.S. has made substantial progress in our trade talks with China on important structural issues including intellectual property protection technology transfer agriculture services currency and many other issues. As a result of these very......,02/24/19,22326,110528,FALSE,1.10E+18
Twitter for iPhone,Very productive talks yesterday with China on Trade. Will continue today! I will be leaving for Hanoi Vietnam early tomorrow for a Summit with Kim Jong Un of North Korea where we both expect a continuation of the progress made at first Summit in Singapore. Denuclearization?,02/24/19,18521,92640,FALSE,1.10E+18
Twitter for iPhone,Important meetings and calls on China Trade Deal and more today with my staff. Big progress being made on soooo many different fronts! Our Country has such fantastic potential for future growth and greatness on an even higher level!,02/17/19,16768,80179,FALSE,1.10E+18
Twitter for iPhone,Trade negotiators have just returned from China where the meetings on Trade were very productive. Now at meetings with me at Mar-a-Lago giving the details. In the meantime Billions of Dollars are being paid to the United States by China in the form of Trade Tariffs!,02/17/19,22278,107768,FALSE,1.10E+18
Twitter for iPhone,China’s top trade negotiators are in the U.S. meeting with our representatives. Meetings are going well with good intent and spirit on both sides. China does not want an increase in Tariffs and feels they will do much better if they make a deal. They are correct. I will be......,01/31/19,14219,67216,FALSE,1.09E+18
Twitter for iPhone,After all that I have done for the Military our great Veterans Judges (99) Justices (2) Tax &amp; Regulation Cuts the Economy Energy Trade &amp; MUCH MORE does anybody really think I won’t build the WALL? Done more in first two years than any President! MAKE AMERICA GREAT AGAIN!,01/28/19,49735,234083,FALSE,1.09E+18
Twitter for iPhone,China posts slowest economic numbers since 1990 due to U.S. trade tensions and new policies. Makes so much sense for China to finally do a Real Deal and stop playing around!,01/21/19,20519,100978,FALSE,1.09E+18
Twitter for iPhone,Always heard that as President “it’s all about the economy!” Well we have one of the best economies in the history of our Country. Big GDP lowest unemployment companies coming back to the U.S. in BIG numbers great new trade deals happening &amp; more. But LITTLE media mention!,01/20/19,23838,109033,FALSE,1.09E+18
Twitter for iPhone,RT @realDonaldTrump: For decades politicians promised to secure the border fix our trade deals bring back our factories get tough on Ch…,01/18/19,32129,0,TRUE,1.09E+18
Twitter for iPhone,For decades politicians promised to secure the border fix our trade deals bring back our factories get tough on China move the Embassy to Jerusalem make NATO pay their fair share and so much else - only to do NOTHING (or worse)....,01/14/19,32094,140767,FALSE,1.08E+18
Twitter for iPhone,I often said during rallies with little variation that “Mexico will pay for the Wall.” We have just signed a great new Trade Deal with Mexico. It is Billions of Dollars a year better than the very bad NAFTA deal which it replaces. The difference pays for Wall many times over!,01/11/19,28752,129907,FALSE,1.08E+18
Twitter for iPhone,Our Country is doing so well in so many ways. Great jobs numbers with a record setting December. We are rebuilding our military. Vets finally have Choice &amp; Accountability. Economy &amp; GDP are strong. Tax &amp; Reg cuts historic. Trade deals great. But we MUST fix our Southern Border!,01/09/19,32999,162658,FALSE,1.08E+18
Twitter for iPhone,“The President is the biggest and best supporter of the Steel Industry in many years. We are now doing really well. The Tariffs let us compete. Was unfair that the Steel Industry lost its jobs to unfair trade laws. Very positive outcome.” Mark Glyptis United Steelworkers,01/08/19,22152,102601,FALSE,1.08E+18
Twitter for iPhone,“The number of employed Americans has now set a 14th record under President Trump. Over the year average hourly earnings have increased by 84 cents or 3.2%. Participation Rate hits Trump-Era High.” CNS NEWS.  And we will do even better with new trade deals and all else!,01/06/19,17169,77537,FALSE,1.08E+18
Twitter for iPhone,The United States Treasury has taken in MANY billions of dollars from the Tariffs we are charging China and other countries that have not treated us fairly. In the meantime we are doing well in various Trade Negotiations currently going on. At some point this had to be done!,01/03/19,22311,106376,FALSE,1.08E+18
Twitter for iPhone,Mexico is paying for the Wall through the new USMCA Trade Deal. Much of the Wall has already been fully renovated or built. We have done a lot of work. $5.6 Billion Dollars that House has approved is very little in comparison to the benefits of National Security. Quick payback!,01/02/19,28559,128491,FALSE,1.08E+18
Twitter for iPhone,MEXICO IS PAYING FOR THE WALL through the many billions of dollars a year that the U.S.A. is saving through the new Trade Deal the USMCA that will replace the horrendous NAFTA Trade Deal which has so badly hurt our Country. Mexico &amp; Canada will also thrive - good for all!,01/01/19,23882,104440,FALSE,1.08E+18
Twitter for iPhone,....The United States looses soooo much money on Trade with Mexico under NAFTA over 75 Billion Dollars a year (not including Drug Money which would be many times that amount) that I would consider closing the Southern Border a “profit making operation.” We build a Wall or.....,12/28/18,23736,101103,FALSE,1.08E+18
Twitter for iPhone,I hope everyone even the Fake News Media is having a great Christmas! Our Country is doing very well. We are securing our Borders making great new Trade Deals and bringing our Troops Back Home. We are finally putting America First. MERRY CHRISTMAS!  #MAGA,12/25/18,46596,249842,FALSE,1.08E+18
Twitter for iPhone,The only problem our economy has is the Fed. They don’t have a feel for the Market they don’t understand necessary Trade Wars or Strong Dollars or even Democrat Shutdowns over Borders. The Fed is like a powerful golfer who can’t score because he has no touch - he can’t putt!,12/24/18,30508,125022,FALSE,1.08E+18
Twitter for iPhone,....We are substantially subsidizing the Militaries of many VERY rich countries all over the world while at the same time these countries take total advantage of the U.S. and our TAXPAYERS on Trade. General Mattis did not see this as a problem. I DO and it is being fixed!,12/24/18,25119,107521,FALSE,1.08E+18
Twitter for iPhone,To those few Senators who think I don’t like or appreciate being allied with other countries they are wrong I DO. What I don’t like however is when many of these same countries take advantage of their friendship with the United States both in Military Protection and Trade...,12/24/18,22190,98796,FALSE,1.08E+18
Twitter for iPhone,I just had a long and productive call with President @RT_Erdogan of Turkey. We discussed ISIS our mutual involvement in Syria &amp; the slow &amp; highly coordinated pullout of U.S. troops from the area. After many years they are coming home. We also discussed heavily expanded Trade.,12/23/18,17811,80977,FALSE,1.08E+18
Twitter for iPhone,Today I am making good on my promise to defend our Farmers &amp; Ranchers from unjustified trade retaliation by foreign nations. I have authorized Secretary Perdue to implement the 2nd round of Market Facilitation Payments. Our economy is stronger than ever–we stand with our Farmers!,12/17/18,25031,112625,FALSE,1.07E+18
Twitter for iPhone,China just announced that their economy is growing much slower than anticipated because of our Trade War with them. They have just suspended U.S. Tariff Hikes. U.S. is doing very well. China wants to make a big and very comprehensive deal. It could happen and rather soon!,12/14/18,27243,128368,FALSE,1.07E+18
Twitter for iPhone,China just announce the there economy is growing much slower than anticipated because of our Trade War with them. They have just suspended U.S. Tariff Hikes. U.S. is doing very well. China wants to make a big and very comprehensive deal. It could happen and rather soon!,12/14/18,2749,10439,FALSE,1.07E+18
Twitter for iPhone,“China officially echoed President Donald Trump’s optimism over bilateral trade talks. Chinese officials have begun preparing to restart imports of U.S. Soybeans &amp; Liquified Natural Gas the first sign confirming the claims of President Donald Trump and the White House that......,12/05/18,14786,65166,FALSE,1.07E+18
Twitter for iPhone,President Xi and I have a very strong and personal relationship. He and I are the only two people that can bring about massive and very positive change on trade and far beyond between our two great Nations. A solution for North Korea is a great thing for China and ALL!,12/03/18,14471,65427,FALSE,1.07E+18
Twitter for iPhone,Just signed one of the most important and largest Trade Deals in U.S. and World History. The United States Mexico and Canada worked so well together in crafting this great document. The terrible NAFTA will soon be gone. The USMCA will be fantastic for all!,11/30/18,27974,125660,FALSE,1.07E+18
Twitter for iPhone,Europe has to pay their fair share for Military Protection. The European Union for many years has taken advantage of us on Trade and then they don’t live up to their Military commitment through NATO. Things must change fast!,11/25/18,21522,88108,FALSE,1.07E+18
Twitter for iPhone,The large and violent French protests don’t take into account how badly the United States has been treated on Trade by the European Union or on fair and reasonable payments for our GREAT military protection. Both of these topics must be remedied soon.,11/25/18,17939,76443,FALSE,1.07E+18
Twitter for iPhone,Of course we should have captured Osama Bin Laden long before we did. I pointed him out in my book just BEFORE the attack on the World Trade Center. President Clinton famously missed his shot. We paid Pakistan Billions of Dollars &amp; they never told us he was living there. Fools!..,11/19/18,37999,148642,FALSE,1.06E+18
Twitter for iPhone,On Trade France makes excellent wine but so does the U.S. The problem is that France makes it very hard for the U.S. to sell its wines into France and charges big Tariffs whereas the U.S. makes it easy for French wines and charges very small Tariffs. Not fair must change!,11/13/18,28695,119923,FALSE,1.06E+18
Twitter for iPhone,.....of money spent on protecting other countries and we get nothing but Trade Deficits and Losses. It is time that these very rich countries either pay the United States for its great military protection or protect themselves...and Trade must be made FREE and FAIR!,11/12/18,22058,94338,FALSE,1.06E+18
Twitter for iPhone,.....hundreds of billions of dollars for the great privilege of losing hundreds of billions of dollars with these same countries on trade. I told them that this situation cannot continue - It is and always has been ridiculously unfair to the United States. Massive amounts.....,11/12/18,18266,79950,FALSE,1.06E+18
Twitter for iPhone,Just returned from France where much was accomplished in my meetings with World Leaders. Never easy bringing up the fact that the U.S. must be treated fairly which it hasn’t on both Military and Trade. We pay for LARGE portions of other countries military protection........,11/12/18,24416,107533,FALSE,1.06E+18
Twitter for iPhone,Received so many Congratulations from so many on our Big Victory last night including from foreign nations (friends) that were waiting me out and hoping on Trade Deals. Now we can all get back to work and get things done!,11/07/18,22296,110248,FALSE,1.06E+18
Twitter for iPhone,Just had a long and very good conversation with President Xi Jinping of China. We talked about many subjects with a heavy emphasis on Trade. Those discussions are moving along nicely with meetings being scheduled at the G-20 in Argentina. Also had good discussion on North Korea!,11/01/18,21436,93732,FALSE,1.06E+18
Twitter for iPhone,Had a very good conversation with the newly elected President of Brazil Jair Bolsonaro who won his race by a substantial margin. We agreed that Brazil and the United States will work closely together on Trade Military and everything else! Excellent call wished him congrats!,10/29/18,92699,341189,FALSE,1.06E+18
Twitter for iPhone,Billions of dollars are and will be coming into United States coffers because of Tariffs. Great also for negotiations - if a country won’t give us a fair Trade Deal we will institute Tariffs on them. Used or not jobs and businesses will be created. U.S. respected again!,10/23/18,23601,103218,FALSE,1.05E+18
Twitter for iPhone,Prime Minister @AbeShinzo of Japan has been working with me to help balance out the one-sided Trade with Japan. These are some of the investments they are making in our Country - just the beginning! https://t.co/ib2yB3Akkt,10/18/18,14243,49094,FALSE,1.05E+18
Twitter for iPhone,....The assault on our country at our Southern Border including the Criminal elements and DRUGS pouring in is far more important to me as President than Trade or the USMCA. Hopefully Mexico will stop this onslaught at their Northern Border. All Democrats fault for weak laws!,10/18/18,24107,90065,FALSE,1.05E+18
Twitter for iPhone,Thank you to Congressman Tom Reed of New York for your wonderful comments on our great new Trade Deal with Mexico and Canada the USMCA. I have long ago given you my Full Endorsement and for good reason. Keep up the Great Work! @Varneyco,10/03/18,9885,47553,FALSE,1.05E+18
Twitter for iPhone,The Stock Market just reached an All-Time High during my Administration for the 102nd Time a presidential record by far for less than two years. So much potential as Trade and Military Deals are completed.,10/03/18,20538,91906,FALSE,1.05E+18
Twitter for iPhone,Great reviews on the new USMCA. Thank you! Mexico and Canada will be wonderful partners in Trade (and more) long into the future.,10/02/18,15267,74222,FALSE,1.05E+18
Twitter for iPhone,....deficiencies and mistakes in NAFTA greatly opens markets to our Farmers and Manufacturers reduces Trade Barriers to the U.S. and will bring all three Great Nations together in competition with the rest of the world. The USMCA is a historic transaction!,10/01/18,18158,79307,FALSE,1.05E+18
Twitter for iPhone,.....deficiencies and mistakes in NAFTA greatly opens markets to our Farmers and Manufacturers reduce Trade Barriers to the U.S. and will bring all three Great Nations closer together in competition with the rest of the world. The USMCA is a historic transaction!,10/01/18,1921,6809,FALSE,1.05E+18
Twitter for iPhone,Late last night our deadline we reached a wonderful new Trade Deal with Canada to be added into the deal already reached with Mexico. The new name will be The United States Mexico Canada Agreement or USMCA. It is a great deal for all three countries solves the many......,10/01/18,28659,128871,FALSE,1.05E+18
Twitter for iPhone,China is actually placing propaganda ads in the Des Moines Register and other papers made to look like news. That’s because we are beating them on Trade opening markets and the farmers will make a fortune when this is over! https://t.co/ppdvTX7oz1,09/26/18,19303,59948,FALSE,1.05E+18
Twitter for iPhone,Joint Statement on the United States-Korea Free Trade Agreement: https://t.co/m0jW8nqdQW https://t.co/lcrhsJtv00,09/24/18,8696,37843,FALSE,1.04E+18
Twitter for iPhone,US-Korea Free Trade Agreement Signing Ceremony! https://t.co/yLFkAZgagG,09/24/18,13808,54088,FALSE,1.04E+18
Twitter for iPhone,Going to New York. Will be with Prime Minister Abe of Japan tonight talking Military and Trade. We have done much to help Japan would like to see more of a reciprocal relationship. It will all work out!,09/23/18,18173,90886,FALSE,1.04E+18
Twitter for iPhone,.....China has been taking advantage of the United States on Trade for many years. They also know that I am the one that knows how to stop it. There will be great and fast economic retaliation against China if our farmers ranchers and/or industrial workers are targeted!,09/18/18,16569,67518,FALSE,1.04E+18
Twitter for iPhone,Dave Hughes is running for Congress in the Great State of Minnesota. He will help us accomplish our America First policies is strong on Crime the Border our 2nd Amendmen Trade Military and Vets. Running against Pelosi Liberal Puppet Petterson. Dave has my Total Endorsement!,09/08/18,16085,63385,FALSE,1.04E+18
Twitter for iPhone,Happy Labor Day! Our country is doing better than ever before with unemployment setting record lows. The U.S. has tremendous upside potential as we go about fixing some of the worst Trade Deals ever made by any country in the world. Big progress being made!,09/03/18,27895,124606,FALSE,1.04E+18
Twitter for iPhone,RT @realDonaldTrump: We shouldn’t have to buy our friends with bad Trade Deals and Free Military Protection!,09/02/18,25470,0,TRUE,1.04E+18
Twitter for iPhone,We shouldn’t have to buy our friends with bad Trade Deals and Free Military Protection!,09/01/18,25467,108482,FALSE,1.04E+18
Twitter for iPhone,No Deal! Trade Talks with Canada Conclude for the Week with No Agreement | Breitbart https://t.co/87vi7OqopY via @BreitbartNews,09/01/18,11956,48934,FALSE,1.04E+18
Twitter for iPhone,....Remember NAFTA was one of the WORST Trade Deals ever made. The U.S. lost thousands of businesses and millions of jobs. We were far better off before NAFTA - should never have been signed. Even the Vat Tax was not accounted for. We make new deal or go back to pre-NAFTA!,09/01/18,19907,81782,FALSE,1.04E+18
Twitter for iPhone,...of money on joint U.S.-South Korea war games. Besides the President can instantly start the joint exercises again with South Korea and Japan if he so chooses. If he does they will be far bigger than ever before. As for the U.S.–China trade disputes and other...,08/29/18,10310,45102,FALSE,1.03E+18
Twitter for iPhone,STATEMENT FROM THE WHITE HOUSEPresident Donald J. Trump feels strongly that North Korea is under tremendous pressure from China because of our major trade disputes with the Chinese Government. At the same time we also know that China is providing North Korea with...,08/29/18,15918,61394,FALSE,1.03E+18
Twitter for iPhone,Our new Trade Deal with Mexico focuses on FARMERS GROWTH for our country tearing down TRADE BARRIERS JOBS and having companies continue to POUR BACK INTO OUR COUNTRY. It will be a big hit!,08/29/18,18883,79471,FALSE,1.03E+18
Twitter for iPhone,I smile at Senators and others talking about how good free trade is for the U.S. What they don’t say is that we lose Jobs and over 800 Billion Dollars a year on really dumb Trade Deals....and these same countries Tariff us to death. These lawmakers are just fine with this!,08/28/18,24056,89711,FALSE,1.03E+18
Twitter for iPhone,United States-Mexico Trade Agreement: https://t.co/E1AzveYPli https://t.co/ZYbHt1pD8a,08/27/18,15849,59962,FALSE,1.03E+18
Twitter for iPhone,Our relationship with Mexico is getting closer by the hour. Some really good people within both the new and old government and all working closely together....A big Trade Agreement with Mexico could be happening soon!,08/25/18,21779,99077,FALSE,1.03E+18
Twitter for iPhone,Target CEO raves about the Economy. “This is the best consumer environment I’ve seen in my career.” A big statement from a top executive. But virtually everybody is saying this &amp; when our Trade Deals are made &amp; cost cutting done you haven’t seen anything yet!  @DRUDGE_REPORT,08/24/18,17389,69975,FALSE,1.03E+18
Twitter for iPhone,Our Country was built on Tariffs and Tariffs are now leading us to great new Trade Deals - as opposed to the horrible and unfair Trade Deals that I inherited as your President. Other Countries should not be allowed to come in and steal the wealth of our great U.S.A. No longer!,08/15/18,20036,82415,FALSE,1.03E+18
Twitter for iPhone,Deal with Mexico is coming along nicely. Autoworkers and farmers must be taken care of or there will be no deal. New President of Mexico has been an absolute gentleman. Canada must wait. Their Tariffs and Trade Barriers are far too high. Will tax cars if we can’t make a deal!,08/10/18,24781,101159,FALSE,1.03E+18
Twitter for iPhone,Had a very good phone call with @EmmanuelMacron President of France. Discussed various subjects in particular Security and Trade. Many other calls and conversations today. Looking forward to dinner tonight with Tim Cook of Apple. He is investing big dollars in U.S.A.,08/10/18,16408,79785,FALSE,1.03E+18
Twitter for iPhone,Great financial numbers being announced on an almost daily basis. Economy has never been better jobs at best point in history. Fixing our terrible Trade Deals is a priority-and going very well. Immigration on Merit Based System to take care of the companies coming back to U.S.A.,08/06/18,17792,74883,FALSE,1.03E+18
Twitter for iPhone,..Because of Tariffs we will be able to start paying down large amounts of the $21 Trillion in debt that has been accumulated much by the Obama Administration while at the same time reducing taxes for our people. At minimum we will make much better Trade Deals for our country!,08/05/18,19789,81856,FALSE,1.03E+18
Twitter for iPhone,....Tariffs will make our country much richer than it is today. Only fools would disagree. We are using them to negotiate fair trade deals and if countries are still unwilling to negotiate they will pay us vast sums of money in the form of Tariffs. We win either way......,08/04/18,17819,81002,FALSE,1.03E+18
Twitter for iPhone,Tariffs are working far better than anyone ever anticipated. China market has dropped 27% in last 4months and they are talking to us. Our market is stronger than ever and will go up dramatically when these horrible Trade Deals are successfully renegotiated. America First.......,08/04/18,20071,86527,FALSE,1.03E+18
Twitter for iPhone,The globalist Koch Brothers who have become a total joke in real Republican circles are against Strong Borders and Powerful Trade. I never sought their support because I don’t need their money or bad ideas. They love my Tax &amp; Regulation Cuts Judicial picks &amp; more. I made.....,07/31/18,22095,88242,FALSE,1.02E+18
Twitter for iPhone,The biggest and best results coming out of the good GDP report was that the quarterly Trade Deficit has been reduced by $52 Billion and of course the historically low unemployment numbers especially for African Americans Hispanics Asians and Women.,07/29/18,21443,88751,FALSE,1.02E+18
Twitter for iPhone,Great to be back on track with the European Union. This was a big day for free and fair trade!,07/26/18,21560,105281,FALSE,1.02E+18
Twitter for iPhone,Great meeting on Trade today with @JunckerEU and representatives of the European Union. We have come to a very strong understanding and are all believers in no tariffs no barriers and no subsidies. Work on documents has already started and the process is moving...,07/25/18,13051,60165,FALSE,1.02E+18
Media Studio,The United States and the European Union have a $1 TRILLION bilateral trade relationship – the largest economic relationship in the world. We want to further strengthen this trade relationship to the benefit of all American and European citizens... https://t.co/4zlmEEtCpG,07/25/18,18450,71266,FALSE,1.02E+18
Twitter for iPhone,Every time I see a weak politician asking to stop Trade talks or the use of Tariffs to counter unfair Tariffs I wonder what can they be thinking? Are we just going to continue and let our farmers and country get ripped off?  Lost $817 Billion on Trade last year. No weakness!,07/25/18,21625,88799,FALSE,1.02E+18
Twitter for iPhone,The European Union is coming to Washington tomorrow to negotiate a deal on Trade. I have an idea for them. Both the U.S. and the E.U. drop all Tariffs Barriers and Subsidies! That would finally be called Free Market and Fair Trade! Hope they do it we are ready - but they won’t!,07/25/18,31469,121472,FALSE,1.02E+18
Twitter for iPhone,Tariffs are the greatest! Either a country which has treated the United States unfairly on Trade negotiates a fair deal or it gets hit with Tariffs. It’s as simple as that - and everybody’s talking! Remember we are the “piggy bank” that’s being robbed. All will be Great!,07/24/18,21582,94195,FALSE,1.02E+18
Twitter for iPhone,Countries that have treated us unfairly on trade for years are all coming to Washington to negotiate. This should have taken place many years ago butas the saying goes better late than never!,07/24/18,21414,100190,FALSE,1.02E+18
Twitter for iPhone,Farmers have been on a downward trend for 15 years. The price of soybeans has fallen 50% since 5 years before the Election. A big reason is bad (terrible) Trade Deals with other countries. They put on massive Tariffs and Barriers. Canada charges 275% on Dairy. Farmers will WIN!,07/20/18,18755,75987,FALSE,1.02E+18
Twitter for iPhone,....The United States should not be penalized because we are doing so well. Tightening now hurts all that we have done. The U.S. should be allowed to recapture what was lost due to illegal currency manipulation and BAD Trade Deals. Debt coming due &amp; we are raising rates - Really?,07/20/18,20108,87449,FALSE,1.02E+18
Twitter for iPhone,....proliferation cyber attacks trade Ukraine Middle East peace North Korea and more. There are many answers some easy and some hard to these problems...but they can ALL be solved!,07/19/18,16336,72109,FALSE,1.02E+18
Twitter for iPhone,3.4 million jobs created since our great Election Victory - far greater than ever anticipated and only getting better as new and greatly improved Trade Deals start coming to fruition!,07/18/18,22779,102872,FALSE,1.02E+18
Twitter for iPhone,The Stock Market hit 25000 yesterday. Jobs are at an all time record - and that is before we fix some of the worst trade deals and conditions ever seen by any government. It is all happening!,07/14/18,23753,111378,FALSE,1.02E+18
Twitter for iPhone,Presidents have been trying unsuccessfully for years to get Germany and other rich NATO Nations to pay more toward their protection from Russia. They pay only a fraction of their cost. The U.S. pays tens of Billions of Dollars too much to subsidize Europe and loses Big on Trade!,07/12/18,17565,77174,FALSE,1.02E+18
Twitter for iPhone,What good is NATO if Germany is paying Russia billions of dollars for gas and energy? Why are there only 5 out of 29 countries that have met their commitment? The U.S. is paying for Europe’s protection then loses billions on Trade. Must pay 2% of GDP IMMEDIATELY not by 2025.,07/11/18,29470,119730,FALSE,1.02E+18
Twitter for iPhone,What good is NATO if Germany is paying Russia billions of dollars for gas and energy? Why are their only 5 out of 29 countries that have met their commitment? The U.S. is paying for Europe’s protection then loses billions on Trade. Must pay 2% of GDP IMMEDIATELY not by 2025.,07/11/18,4129,0,FALSE,1.02E+18
Twitter for iPhone,I am in Brussels but always thinking about our farmers. Soy beans fell 50% from 2012 to my election. Farmers have done poorly for 15 years. Other countries’ trade barriers and tariffs have been destroying their businesses. I will open...,07/11/18,17371,81131,FALSE,1.02E+18
Twitter for iPhone,The European Union makes it impossible for our farmers and workers and companies to do business in Europe (U.S. has a $151 Billion trade deficit) and then they want us to happily defend them through NATO and nicely pay for it. Just doesn’t work!,07/10/18,24458,99823,FALSE,1.02E+18
Twitter for iPhone,Thank you to all of my great supporters really big progress being made. Other countries wanting to fix crazy trade deals. Economy is ROARING. Supreme Court pick getting GREAT REVIEWS. New Poll says Trump at over 90% is the most popular Republican in history of the Party. Wow!,07/10/18,25810,124606,FALSE,1.02E+18
Twitter for iPhone,Getting ready to leave for Europe. First meeting - NATO. The U.S. is spending many times more than any other country in order to protect them. Not fair to the U.S. taxpayer. On top of that we lose $151 Billion on Trade with the European Union. Charge us big Tariffs (&amp; Barriers)!,07/10/18,15620,71535,FALSE,1.02E+18
Twitter for iPhone,I have confidence that Kim Jong Un will honor the contract we signed &amp; even more importantly our handshake. We agreed to the denuclearization of North Korea. China on the other hand may be exerting negative pressure on a deal because of our posture on Chinese Trade-Hope Not!,07/09/18,20173,92956,FALSE,1.02E+18
Twitter for iPhone,...Europe far more than it does the U.S. By some accounts the U.S. is paying for 90% of NATO with many countries nowhere close to their 2% commitment. On top of this the European Union has a Trade Surplus of $151 Million with the U.S. with big Trade Barriers on U.S. goods. NO!,07/09/18,16185,71693,FALSE,1.02E+18
Twitter for iPhone,The economy is doing perhaps better than ever before and that’s prior to fixing some of the worst and most unfair Trade Deals ever made by any country. In any event they are coming along very well. Most countries agree that they must be changed but nobody ever asked!,07/03/18,14724,67668,FALSE,1.01E+18
Twitter for iPhone,....We are finishing our study of Tariffs on cars from the E.U. in that they have long taken advantage of the U.S. in the form of Trade Barriers and Tariffs. In the end it will all even out - and it won’t take very long!,06/26/18,12041,57496,FALSE,1.01E+18
Twitter for iPhone,....We are getting other countries to reduce and eliminate tariffs and trade barriers that have been unfairly used for years against our farmers workers and companies. We are opening up closed markets and expanding our footprint. They must play fair or they will pay tariffs!,06/26/18,13946,64592,FALSE,1.01E+18
Twitter for iPhone,Early this year Harley-Davidson said they would move much of their plant operations in Kansas City to Thailand. That was long before Tariffs were announced. Hence they were just using Tariffs/Trade War as an excuse. Shows how unbalanced &amp; unfair trade is but we will fix it.....,06/26/18,14304,64499,FALSE,1.01E+18
Twitter for iPhone,Surprised that Harley-Davidson of all companies would be the first to wave the White Flag. I fought hard for them and ultimately they will not pay tariffs selling into the E.U. which has hurt us badly on trade down $151 Billion. Taxes just a Harley excuse - be patient!  #MAGA,06/25/18,16881,73870,FALSE,1.01E+18
Twitter for iPhone,The United States is insisting that all countries that have placed artificial Trade Barriers and Tariffs on goods going into their country remove those Barriers &amp; Tariffs or be met with more than Reciprocity by the U.S.A. Trade must be fair and no longer a one way street!,06/24/18,26841,110562,FALSE,1.01E+18
Twitter for iPhone,Heading to Nevada to talk trade and immigration with supporters. Country’s economy is stronger than ever before with numbers that are getting better by the week. Tremendous potential and trade deals are coming along well.,06/23/18,14794,77984,FALSE,1.01E+18
Twitter for iPhone,Based on the Tariffs and Trade Barriers long placed on the U.S. &amp; its great companies and workers by the European Union if these Tariffs and Barriers are not soon broken down and removed we will be placing a 20% Tariff on all of their cars coming into the U.S. Build them here!,06/23/18,18720,84433,FALSE,1.01E+18
Twitter for iPhone,Based on the Tariffs and Trade Barriers long placed on the U.S. and it great companies and workers by the European Union if these Tariffs and Barriers are not soon broken down and removed we will be placing a 20% Tariff on all of their cars coming into the U.S. Build them here!,06/22/18,14415,55360,FALSE,1.01E+18
Twitter for iPhone,Our Great Larry Kudlow who has been working so hard on trade and the economy has just suffered a heart attack. He is now in Walter Reed Medical Center.,06/12/18,24875,100792,FALSE,1.01E+18
Twitter for iPhone,Sorry we cannot let our friends or enemies take advantage of us on Trade anymore. We must put the American worker first!,06/11/18,33464,154319,FALSE,1.01E+18
Twitter for iPhone,....Germany pays 1% (slowly) of GDP towards NATO while we pay 4% of a MUCH larger GDP. Does anybody believe that makes sense? We protect Europe (which is good) at great financial loss and then get unfairly clobbered on Trade. Change is coming!,06/11/18,33307,139303,FALSE,1.01E+18
Twitter for iPhone,....And add to that the fact that the U.S. pays close to the entire cost of NATO-protecting many of these same countries that rip us off on Trade (they pay only a fraction of the cost-and laugh!). The European Union had a $151 Billion Surplus-should pay much more for Military!,06/11/18,25234,105194,FALSE,1.01E+18
Twitter for iPhone,Why should I as President of the United States allow countries to continue to make Massive Trade Surpluses as they have for decades while our Farmers Workers &amp; Taxpayers have such a big and unfair price to pay? Not fair to the PEOPLE of America! $800 Billion Trade Deficit...,06/11/18,33611,142661,FALSE,1.01E+18
Twitter for iPhone,Fair Trade is now to be called Fool Trade if it is not Reciprocal. According to a Canada release they make almost 100 Billion Dollars in Trade with U.S. (guess they were bragging and got caught!). Minimum is 17B. Tax Dairy from us at 270%. Then Justin acts hurt when called out!,06/11/18,26861,105242,FALSE,1.01E+18
Twitter for iPhone,The United States will not allow other countries to impose massive Tariffs and Trade Barriers on its farmers workers and companies. While sending their product into our country tax free. We have put up with Trade Abuse for many decades — and that is long enough.,06/09/18,30027,125475,FALSE,1.01E+18
Twitter for iPhone,...U.S.A. Trade. They fully understand where I am coming from. After many decades fair and reciprocal Trade will happen!,06/09/18,11333,56433,FALSE,1.01E+18
Twitter for iPhone,I am heading for Canada and the G-7 for talks that will mostly center on the long time unfair trade practiced against the United States. From there I go to Singapore and talks with North Korea on Denuclearization. Won’t be talking about the Russian Witch Hunt Hoax for a while!,06/08/18,17764,83159,FALSE,1.01E+18
Twitter for iPhone,Looking forward to straightening out unfair Trade Deals with the G-7 countries. If it doesn’t happen we come out even better!,06/08/18,15772,77480,FALSE,1.01E+18
Twitter for iPhone,Why isn’t the European Union and Canada informing the public that for years they have used massive Trade Tariffs and non-monetary Trade Barriers against the U.S. Totally unfair to our farmers workers &amp; companies. Take down your tariffs &amp; barriers or we will more than match you!,06/08/18,27161,98572,FALSE,1.00E+18
Twitter for iPhone,Please tell Prime Minister Trudeau and President Macron that they are charging the U.S. massive tariffs and create non-monetary barriers. The EU trade surplus with the U.S. is $151 Billion and Canada keeps our farmers and others out. Look forward to seeing them tomorrow.,06/07/18,23855,92673,FALSE,1.00E+18
Media Studio,PM Abe and I are also working to improve the trading relationship between the U.S. and Japan something we have to do. The U.S. seeks a bilateral deal with Japan that is based on the principle of fairness and reciprocity. We’re working hard to reduce our trade imbalance... https://t.co/pnqEHoplk0,06/07/18,10312,48451,FALSE,1.00E+18
Twitter for iPhone,Looking forward to seeing my friend Prime Minister @AbeShinzo of Japan at noon. Will be discussing North Korea and Trade.,06/07/18,9997,49929,FALSE,1.00E+18
Twitter for iPhone,Isn’t it Ironic? Getting ready to go to the G-7 in Canada to fight for our country on Trade (we have the worst trade deals ever made) then off to Singapore to meet with North Korea &amp; the Nuclear Problem...But back home we still have the 13 Angry Democrats pushing the Witch Hunt!,06/07/18,20828,84767,FALSE,1.00E+18
Twitter for iPhone,Chris Farrell Judicial Watch. “They were running an operation to undermine a candidate for President of the U.S. These are all violations of law. This is intelligence tradecraft to steer an election. There’s nothing more grave when it comes to abuse of our intelligence system...,06/06/18,20982,75260,FALSE,1.00E+18
Twitter for iPhone,Farmers have not been doing well for 15 years. Mexico Canada China and others have treated them unfairly. By the time I finish trade talks that will change. Big trade barriers against U.S. farmers and other businesses will finally be broken. Massive trade deficits no longer!,06/04/18,19743,81839,FALSE,1.00E+18
Twitter for iPhone,The U.S. has made such bad trade deals over so many years that we can only WIN!,06/04/18,12293,61675,FALSE,1.00E+18
Twitter for iPhone,China already charges a tax of 16% on soybeans. Canada has all sorts of trade barriers on our Agricultural products. Not acceptable!,06/04/18,14518,64831,FALSE,1.00E+18
Twitter for iPhone,When you’re almost 800 Billion Dollars a year down on Trade you can’t lose a Trade War! The U.S. has been ripped off by other countries for years on Trade time to get smart!,06/02/18,30370,129712,FALSE,1.00E+18
Twitter for iPhone,The United States must at long last be treated fairly on Trade. If we charge a country ZERO to sell their goods and they charge us 25 50 or even 100 percent to sell ours it is UNFAIR and can no longer be tolerated. That is not Free or Fair Trade it is Stupid Trade!,06/02/18,31453,127689,FALSE,1.00E+18
Twitter for iPhone,Canada has treated our Agricultural business and Farmers very poorly for a very long period of time. Highly restrictive on Trade! They must open their markets and take down their trade barriers! They report a really high surplus on trade with us. Do Timber &amp; Lumber in U.S.?,06/01/18,19358,81997,FALSE,1.00E+18
Twitter for iPhone,FAIR TRADE!,05/31/18,20093,98108,FALSE,1.00E+18
Twitter for iPhone,Sorry I’ve got to start focusing my energy on North Korea Nuclear bad Trade Deals VA Choice the Economy rebuilding the Military and so much more and not on the Rigged Russia Witch Hunt that should be investigating Clinton/Russia/FBI/Justice/Obama/Comey/Lynch etc.,05/29/18,29075,121391,FALSE,1.00E+18
Twitter for iPhone,...but complain and obstruct. They made only bad deals (Iran) and their so-called Trade Deals are the laughing stock of the world!,05/25/18,14578,65667,FALSE,1.00E+18
Twitter for iPhone,Funny to watch the Democrats criticize Trade Deals being negotiated by me when they don’t even know what the deals are and when for 8 years the Obama Administration did NOTHING on trade except let other countries rip off the United States. Lost almost $800 Billion/year under “O”,05/25/18,32107,118321,FALSE,1.00E+18
Twitter for iPhone,Our Trade Deal with China is moving along nicely but in the end we will probably have to use a different structure in that this will be too hard to get done and to verify results after completion.,05/23/18,11537,57699,FALSE,9.99E+17
Twitter for iPhone,I ask Senator Chuck Schumer why didn’t President Obama &amp; the Democrats do something about Trade with China including Theft of Intellectual Property etc.? They did NOTHING! With that being said Chuck &amp; I have long agreed on this issue! Fair Trade plus with China will happen!,05/21/18,17442,78313,FALSE,9.99E+17
Twitter for iPhone,Talking trade with the Vice Premier of the People’s Republic of China Liu He. https://t.co/9T7Iq6F3Xe,05/17/18,8042,43309,FALSE,9.97E+17
Twitter for iPhone,The Washington Post and CNN have typically written false stories about our trade negotiations with China. Nothing has happened with ZTE except as it pertains to the larger trade deal. Our country has been losing hundreds of billions of dollars a year with China...,05/16/18,13454,58814,FALSE,9.97E+17
Twitter for iPhone,Trade negotiations are continuing with China. They have been making hundreds of billions of dollars a year from the U.S. for many years. Stay tuned!,05/15/18,14876,78011,FALSE,9.96E+17
Twitter for iPhone,ZTE the large Chinese phone company buys a big percentage of individual parts from U.S. companies. This is also reflective of the larger trade deal we are negotiating with China and my personal relationship with President Xi.,05/14/18,12492,63013,FALSE,9.96E+17
Twitter for iPhone,China and the United States are working well together on trade but past negotiations have been so one sided in favor of China for so many years that it is hard for them to make a deal that benefits both countries. But be cool it will all work out!,05/13/18,19916,101153,FALSE,9.96E+17
Twitter for iPhone,I will be speaking to my friend President Xi of China this morning at 8:30. The primary topics will be Trade where good things will happen and North Korea where relationships and trust are building.,05/08/18,17027,86673,FALSE,9.94E+17
Twitter for iPhone,Our high level delegation is on the way back from China where they had long meetings with Chinese leaders and business representatives. We will be meeting tomorrow to determine the results but it is hard for China in that they have become very spoiled with U.S. trade wins!,05/05/18,17531,81030,FALSE,9.93E+17
Twitter for iPhone,Our great financial team is in China trying to negotiate a level playing field on trade! I look forward to being with President Xi in the not too distant future. We will always have a good (great) relationship!,05/03/18,15845,78483,FALSE,9.92E+17
Twitter for iPhone,There was no Collusion (it is a Hoax) and there is no Obstruction of Justice (that is a setup &amp; trap). What there is is Negotiations going on with North Korea over Nuclear War Negotiations going on with China over Trade Deficits Negotiations on NAFTA and much more. Witch Hunt!,05/02/18,26992,108877,FALSE,9.92E+17
Twitter for iPhone,Delegation heading to China to begin talks on the Massive Trade Deficit that has been created with our Country. Very much like North Korea this should have been fixed years ago not now. Same with other countries and NAFTA...but it will all get done. Great Potential for USA!,05/01/18,18400,83668,FALSE,9.91E+17
Twitter for iPhone,Looking forward to my meeting with Tim Cook of Apple. We will be talking about many things including how the U.S. has been treated unfairly for many years by many countries on trade.,04/25/18,15984,86666,FALSE,9.89E+17
Twitter for iPhone,Having great meetings and discussions with my friend President @EmmanuelMacron of France. We are in the midst of meetings on Iran Syria and Trade. We will be holding a joint press conference shortly here at the @WhiteHouse. ???????? https://t.co/ju1FXhgjaD,04/24/18,10395,51605,FALSE,9.89E+17
Twitter for iPhone,Great meeting with Prime Minister Abe of Japan who has just left Florida. Talked in depth about North Korea Military and Trade. Good things will happen!,04/19/18,14185,71412,FALSE,9.87E+17
Twitter for iPhone,I am in Florida and looking forward to my meeting with Prime Minister Abe of Japan. Working on Trade and Military Security.,04/17/18,11779,63836,FALSE,9.86E+17
Twitter for iPhone,Would only join TPP if the deal were substantially better than the deal offered to Pres. Obama. We already have BILATERAL deals with six of the eleven nations in TPP and are working to make a deal with the biggest of those  nations Japan who has hit us hard on trade for years!,04/13/18,16759,78686,FALSE,9.85E+17
Twitter for iPhone,So much Fake News about what is going on in the White House. Very calm and calculated with a big focus on open and fair trade with China the coming North Korea meeting and of course the vicious gas attack in Syria. Feels great to have Bolton &amp; Larry K on board. I (we) are,04/11/18,16168,69376,FALSE,9.84E+17
Twitter for iPhone,When a car is sent to the United States from China there is a Tariff to be paid of 2 1/2%. When a car is sent to China from the United States there is a Tariff to be paid of 25%. Does that sound like free or fair trade.  No it sounds like STUPID TRADE -  going on for years!,04/09/18,46855,176652,FALSE,9.83E+17
Twitter for iPhone,President Xi and I will always be friends no matter what happens with our dispute on trade. China will take down its Trade Barriers because it is the right thing to do. Taxes will become Reciprocal &amp; a deal will be made on Intellectual Property. Great future for both countries!,04/08/18,23906,107756,FALSE,9.83E+17
Twitter for iPhone,The United States hasn’t had a Trade Surplus with China in 40 years. They must end unfair trade take down barriers and charge only Reciprocal Tariffs. The U.S. is losing $500 Billion a year and has been losing Billions of Dollars for decades. Cannot continue!,04/07/18,22193,90487,FALSE,9.83E+17
Twitter for iPhone,China which is a great economic power is considered a Developing Nation within the World Trade Organization. They therefore get tremendous perks and advantages especially over the U.S. Does anybody think this is fair. We were badly represented. The WTO is unfair to U.S.,04/06/18,24512,96583,FALSE,9.82E+17
Twitter for iPhone,RT @realDonaldTrump: We are not in a trade war with China that war was lost many years ago by the foolish or incompetent people who repr…,04/06/18,37272,0,TRUE,9.82E+17
Twitter for iPhone,The Fake News Washington Post Amazon’s “chief lobbyist” has another (of many) phony headlines “Trump Defiant As China Adds Trade Penalties.” WRONG! Should read “Trump Defiant as U.S. Adds Trade Penalties Will End Barriers And Massive  I.P. Theft.” Typically bad reporting!,04/05/18,24732,93542,FALSE,9.82E+17
Twitter for iPhone,We are not in a trade war with China that war was lost many years ago by the foolish or incompetent people who represented the U.S. Now we have a Trade Deficit of $500 Billion a year with Intellectual Property Theft of another $300 Billion. We cannot let this continue!,04/04/18,37281,144378,FALSE,9.81E+17
Twitter for iPhone,.@USTradeRep just announced an agreement in principle with South Korea on KORUS! A great deal for American and Korean workers. Let’s now focus on our important security relationship.,03/28/18,12228,55208,FALSE,9.79E+17
Twitter for iPhone,Trade talks going on with numerous countries that for many years have not treated the United States fairly. In the end all will be happy!,03/27/18,21053,104664,FALSE,9.78E+17
Media Studio,As a candidate I pledged that if elected I would use every lawful tool to combat unfair trade protect American workers and defend our national security.  Today we took another critical step to fulfill that commitment. https://t.co/7NBI0Dibmx https://t.co/nmzqos3BUA,03/22/18,15736,67717,FALSE,9.77E+17
Twitter for iPhone,We do have a Trade Deficit with Canada as we do with almost all countries (some of them massive). P.M. Justin Trudeau of Canada a very good guy doesn’t like saying that Canada has a Surplus vs. the U.S.(negotiating) but they do...they almost all do...and that’s how I know!,03/15/18,16996,79277,FALSE,9.74E+17
Twitter for iPhone,Larry Kudlow will be my Chief Economic Advisor as Director of the National Economic Council. Our Country will have many years of Great Economic &amp; Financial Success with low taxes unparalleled innovation fair trade and an ever expanding labor force leading the way! #MAGA,03/15/18,17466,81249,FALSE,9.74E+17
Twitter for iPhone,We cannot keep a blind eye to the rampant unfair trade practices against our Country!,03/14/18,16142,84222,FALSE,9.74E+17
Twitter for iPhone,The European Union wonderful countries who treat the U.S. very badly on trade are complaining about the tariffs on Steel &amp; Aluminum. If they drop their horrific barriers &amp; tariffs on U.S. products going in we will likewise drop ours. Big Deficit. If not we Tax Cars etc. FAIR!,03/10/18,23972,99649,FALSE,9.73E+17
Twitter for iPhone,Spoke to Prime Minister Abe of Japan who is very enthusiastic about talks with North Korea. Also discussing opening up Japan to much better trade with the U.S. Currently have a massive $100 Billion Trade Deficit. Not fair or sustainable. It will all work out!,03/10/18,16736,72424,FALSE,9.73E+17
Twitter for iPhone,Spoke to PM @TurnbullMalcolm of Australia. He is committed to having a very fair and reciprocal military and trade relationship. Working very quickly on a security agreement so we don’t have to impose steel or aluminum tariffs on our ally the great nation of Australia!,03/09/18,17200,78494,FALSE,9.72E+17
Twitter for iPhone,Looking forward to 3:30 P.M. meeting today at the White House. We have to protect &amp; build our Steel and Aluminum Industries while at the same time showing great flexibility and cooperation toward those that are real friends  and treat us fairly on both trade and the military.,03/08/18,18981,92589,FALSE,9.72E+17
Twitter for iPhone,China has been asked to develop a plan for the year of a One Billion Dollar reduction in their massive Trade Deficit with the United States. Our relationship with China has been a very good one and we look forward to seeing what ideas they come back with. We must act soon!,03/07/18,18756,86274,FALSE,9.71E+17
Twitter for iPhone,From Bush 1 to present our Country has lost more than 55000 factories 6000000 manufacturing jobs and accumulated Trade Deficits of more than 12 Trillion Dollars. Last year we had a Trade Deficit of almost 800 Billion Dollars. Bad Policies &amp; Leadership. Must WIN again!  #MAGA,03/07/18,35446,128219,FALSE,9.71E+17
Twitter for iPhone,@MarkBurnettTV @RealRomaDowney From Bush 1 to present our Country has lost more than 55000 factories 6000000 manufacturing jobs and accumulated Trade Deficits of more than 12 Trillion Dollars. Last year we had a Trade Deficit of almost 800 Billion Dollars. Bad policies &amp; leadership. Must win again!  #MAGA,03/07/18,1181,2764,FALSE,9.71E+17
Twitter for iPhone,We have large trade deficits with Mexico and Canada. NAFTA which is under renegotiation right now has been a bad deal for U.S.A. Massive relocation of companies &amp; jobs. Tariffs on Steel and Aluminum will only come off if new &amp; fair NAFTA agreement is signed. Also Canada must..,03/05/18,19316,82196,FALSE,9.71E+17
Twitter for iPhone,We are on the losing side of almost all trade deals. Our friends and enemies have taken advantage of the U.S. for many years. Our Steel and Aluminum industries are dead. Sorry it’s time for a change! MAKE AMERICA GREAT AGAIN!,03/05/18,26614,117719,FALSE,9.70E+17
Twitter for iPhone,If the E.U. wants to further increase their already massive tariffs and barriers on U.S. companies doing business there we will simply apply a Tax on their Cars which freely pour into the U.S. They make it impossible for our cars (and more) to sell there. Big trade imbalance!,03/03/18,30869,124849,FALSE,9.70E+17
Twitter for iPhone,The United States has an $800 Billion Dollar Yearly Trade Deficit because of our “very stupid” trade deals and policies. Our jobs and wealth are being given to other countries that have taken advantage of us for years. They laugh at what fools our leaders have been. No more!,03/03/18,31042,130205,FALSE,9.70E+17
Twitter for iPhone,When a country Taxes our products coming in at say 50% and we Tax the same product coming into our country at ZERO not fair or smart. We will soon be starting RECIPROCAL TAXES so that we will charge the same thing as they charge us. $800 Billion Trade Deficit-have no choice!,03/02/18,31087,124145,FALSE,9.70E+17
Twitter for iPhone,When a country (USA) is losing many billions of dollars on trade with virtually every country it does business with trade wars are good and easy to win. Example when we are down $100 billion with a certain country and they get cute don’t trade anymore-we win big. It’s easy!,03/02/18,22759,100825,FALSE,9.70E+17
Twitter for iPhone,Our Steel and Aluminum industries (and many others) have been decimated by decades of unfair trade and bad policy with countries from around the world. We must not let our country companies and workers be taken advantage of any longer. We want free fair and SMART TRADE!,03/01/18,22787,103843,FALSE,9.69E+17
Twitter for iPhone,....The Wall will be paid for directly or indirectly or through longer term reimbursement by Mexico which has a ridiculous $71 billion dollar trade surplus with the U.S. The $20 billion dollar Wall is “peanuts” compared to what Mexico makes from the U.S. NAFTA is a bad joke!,01/18/18,28282,112438,FALSE,9.54E+17
Twitter for iPhone,Leaving Camp David for the White House. Great meetings with the Cabinet and Military on many very important subjects including Border Security &amp; the desperately needed Wall the ever increasing Drug and Opioid Problem Infrastructure Military Budget Trade and DACA.,01/07/18,15557,81553,,9.50E+17
Twitter for iPhone,...They should realize that these relationships are a good thing not a bad thing. The U.S. is being respected again. Watch Trade!,11/15/17,15595,85167,FALSE,9.31E+17
Twitter Web Client,Just arrived at #ASEAN50 in the Philippines for my final stop with World Leaders. Will lead to FAIR TRADE DEALS unlike the horror shows from past Administrations. Will then be leaving for D.C. Made many good friends!,11/14/17,8566,48188,FALSE,9.30E+17
Twitter Web Client,After my tour of Asia all Countries dealing with us on TRADE know that the rules have changed. The United States has to be treated fairly and in a reciprocal fashion. The massive TRADE deficits must go down quickly!,11/14/17,16950,84021,FALSE,9.30E+17
Twitter for iPhone,Great day of bilateral meetings at #ASEANSummit on trade which we are turning around to be great deals for our country! https://t.co/2ahAvm4n9s,11/13/17,8680,43903,FALSE,9.30E+17
Twitter Web Client,My meetings with President Xi Jinping were very productive on both trade and the subject of North Korea. He is a highly respected and powerful representative of his people. It was great being with him and Madame Peng Liyuan!,11/09/17,14945,83006,FALSE,9.29E+17
Twitter Web Client,I don’t blame China I blame the incompetence of past Admins for allowing China to take advantage of the U.S. on trade leading up to a point where the U.S. is losing $100's of billions. How can you blame China for taking advantage of people that had no clue? I would've done same!,11/09/17,29359,135908,FALSE,9.29E+17
Twitter for iPhone,Spoke to President Xi of China to congratulate him on his extraordinary elevation. Also discussed NoKo &amp; trade two very important subjects!,10/25/17,9943,56132,FALSE,9.23E+17
Twitter for iPhone,Many people talking with much agreement on my Iran speech today. Participants in the deal are making lots of money on trade with Iran!,10/14/17,11325,54519,FALSE,9.19E+17
Twitter for iPhone,"Alabama is sooo lucky to have a candidate like ""Big"" Luther Strange. Smart tough on crime borders &amp; trade loves Vets &amp; Military. Tuesday!",09/20/17,7454,43945,FALSE,9.11E+17
Twitter for iPhone,The United States is considering in addition to other options stopping all trade with any country doing business with North Korea.,09/03/17,46856,171720,FALSE,9.04E+17
Twitter for iPhone,We are in the NAFTA (worst trade deal ever made) renegotiation process with Mexico &amp; Canada.Both being very difficultmay have to terminate?,08/27/17,19214,82758,FALSE,9.02E+17
Twitter for iPhone,Leaving for New York City and meetings on military purchases and trade.,08/14/17,9402,63273,FALSE,8.97E+17
Twitter for iPhone,Big day in Washington D.C. even though White House &amp; Oval Office are being renovated. Great trade deals coming for American workers!,08/14/17,12759,70590,FALSE,8.97E+17
Twitter for iPhone,The Obstructionist Democrats have given us (or not fixed) some of the worst trade deals in World History. I am changing that fast!,08/14/17,20505,97660,FALSE,8.97E+17
Twitter for iPhone,Heading to Washington this morning. Much work to do. Focus on trade and military. #MAGA,08/14/17,12362,69555,FALSE,8.97E+17
Twitter for iPhone,I am very disappointed in China. Our foolish past leaders have allowed them to make hundreds of billions of dollars a year in trade yet...,07/29/17,26681,101591,FALSE,8.91E+17
Twitter for iPhone,Working on major Trade Deal with the United Kingdom. Could be very big &amp; exciting. JOBS! The E.U. is very protectionist with the U.S. STOP!,07/25/17,16722,70843,FALSE,8.90E+17
Twitter for iPhone,Heading back to Washington D.C. Much will be accomplished this week on trade the military and security!,07/17/17,15861,89884,FALSE,8.87E+17
Twitter for iPhone,Stock Market at new all-time high! Working on new trade deals that will be great for U.S. and its workers!,07/15/17,16386,85526,FALSE,8.86E+17
Twitter for iPhone,Great conversations with President @EmmanuelMacron and his representatives on trade military and security.,07/14/17,9169,51117,FALSE,8.86E+17
Twitter for iPhone,After 14 years U.S. beef hits Chinese market. Trade deal an exciting opportunity for agriculture. https://t.co/gDGgejqFMs,07/12/17,17717,69870,FALSE,8.85E+17
Twitter for iPhone,The G 20 Summit was a great success for the U.S. - Explained that the U.S. must fix the many bad trade deals it has made. Will get done!,07/09/17,17005,81459,FALSE,8.84E+17
Twitter for iPhone,Leaving Hamburg for Washington D.C. and the WH. Just left China’s President Xi where we had an excellent meeting on trade &amp; North Korea.,07/08/17,18168,98393,FALSE,8.84E+17
Twitter for iPhone,Trade between China and North Korea grew almost 40% in the first quarter. So much for China working with us - but we had to give it a try!,07/05/17,24525,102191,FALSE,8.83E+17
Twitter for iPhone,The United States made some of the worst Trade Deals in world history.Why should we continue these deals with countries that do not help us?,07/05/17,26831,129296,FALSE,8.83E+17
Twitter for iPhone,Just finished a very good meeting with the President of South Korea. Many subjects discussed including North Korea and new trade deal!,06/30/17,19755,92733,FALSE,8.81E+17
Twitter for iPhone,Mexico was just ranked the second deadliest country in the world after only Syria. Drug trade is largely the cause. We will BUILD THE WALL!,06/22/17,43956,143033,FALSE,8.78E+17
Twitter for iPhone,We have a MASSIVE trade deficit with Germany plus they pay FAR LESS than they should on NATO &amp; military. Very bad for U.S. This will change,05/30/17,22631,89874,FALSE,8.70E+17
Twitter for iPhone,"....""we push for the removal of all trade-distorting practices....to foster a truly level playing field.""",05/27/17,7471,41671,FALSE,8.69E+17
Twitter for iPhone,Just left the #G7Summit. Had great meetings on everything especially on trade where....,05/27/17,8056,46903,FALSE,8.69E+17
Twitter for iPhone,The U.S. recorded its slowest economic growth in five years (2016). GDP up only 1.6%. Trade deficits hurt the economy very badly.,04/26/17,9388,47225,FALSE,8.57E+17
Twitter for iPhone,I explained to the President of China that a trade deal with the U.S. will be far better for them if they solve the North Korean problem!,04/11/17,19145,81554,FALSE,8.52E+17
Twitter for iPhone,...goodwill and friendship was formed but only time will tell on trade.,04/08/17,7231,48718,FALSE,8.51E+17
Twitter for iPhone,RT @DanScavino: .@POTUS @realDonaldTrump signs executive orders on trade that will set the stage for revival in American manufacturing. #Am…,04/01/17,7035,0,TRUE,8.48E+17
Twitter for iPhone,The meeting next week with China will be a very difficult one in that we can no longer have massive trade deficits...,03/30/17,12126,58102,FALSE,8.48E+17
Twitter for Android,Mexico has taken advantage of the U.S. for long enough. Massive trade deficits &amp; little help on the very weak border must change NOW!,01/27/17,30604,160660,FALSE,8.25E+17
Twitter for Android,The U.S. has a 60 billion dollar trade deficit with Mexico. It has been a one-sided deal from the beginning of NAFTA with massive numbers...,01/26/17,25881,106893,FALSE,8.25E+17
Twitter for Android,China has been taking out massive amounts of money &amp; wealth from the U.S. in totally one-sided trade but won't help with North Korea. Nice!,01/02/17,17507,64480,FALSE,8.16E+17
Twitter for iPhone,Van Jones: ‘There Is A Crack in the Blue Wall’ — It Has to Do With Trade: https://t.co/BvEF9cC7o7,11/06/16,8529,19420,FALSE,7.95E+17
Twitter for Android,@AZTRUMPTRAIN: I #Voted for DonaldTrump! #Arizona ? #Economy #Immigration #Jobs #Veterans #BorderControl #Trade… https://t.co/0BJk9BwkfW,10/22/16,6108,15610,FALSE,7.90E+17
Twitter Web Client,.@HillaryClinton channels John Kerry on trade: she was for bad trade deals before she was against them. #TPP #Debates2016,09/27/16,5152,13551,FALSE,7.81E+17
Twitter for Android,Many on the team and staff of Bernie Sanders have been treated badly by the Hillary Clinton campaign - and they like Trump on trade a lot!,09/25/16,8450,28249,FALSE,7.80E+17
Twitter for Android,Stay on message is the chant. I always do - trade jobs military vets 2nd A repeal Ocare borders etc - but media misrepresents!,08/15/16,12427,36538,FALSE,7.65E+17
Twitter for iPhone,Colorado was amazing yesterday! So much support. Our tax trade and energy reforms will bring great jobs to Colorado and the whole country.,07/30/16,4994,19853,FALSE,7.59E+17
Twitter for Android,Why aren't the Democrats speaking about ISIS bad trade deals broken borders police and law and order. The Republican Convention was great,07/26/16,20230,65045,FALSE,7.58E+17
Twitter for iPhone,To all the Bernie voters who want to stop bad trade deals &amp; global special interests we welcome you with open arms. People first.,07/12/16,13800,35932,FALSE,7.53E+17
Twitter for Android,For reasons only they can explain the @USChamber wants to continue our bad trade deals rather than renegotiating and making them better.,06/30/16,5413,15214,FALSE,7.48E+17
Twitter for Android,Why would the USChamber be upset by the fact that I want to negotiate better and stronger trade deals or that I want penalties for cheaters?,06/29/16,6423,19023,FALSE,7.48E+17
Twitter for Android,The @USCHAMBER must fight harder for the American worker. China and many others are taking advantage of U.S. with our terrible trade pacts,06/29/16,4326,13405,FALSE,7.48E+17
Twitter for Android,"@w4djt: Under a Trump presidency America will make brilliant new trade deals!"" —Donald Trump #dtmag https://t.co/NpYI9i4iSG""",06/27/16,6007,19930,FALSE,7.47E+17
Twitter Web Client,Hillary Clinton surged the trade deficit with China 40% asSecretary of State costing Americans millions of jobs.,06/21/16,7023,17896,FALSE,7.45E+17
Twitter for Android,People very unhappy with Crooked Hillary and Obama on JOBS and SAFETY! Biggest trade deficit in many years! More attacks will follow Orlando,06/17/16,7217,22792,FALSE,7.44E+17
Twitter for iPhone,The trade deficit rose to a 7yr high thanks to horrible trade policies Clinton supports. I will fix it fast- JOBS! https://t.co/jaGeN4u50U,06/16/16,5052,13024,FALSE,7.43E+17
Twitter for Android,Crooked Hillary Clinton will be a disaster on jobs the economy trade healthcare the military guns and just about all else. Obama plus!,06/09/16,12134,34027,FALSE,7.41E+17
Twitter for Android,Bernie Sanders must really dislike Crooked Hillary after the way she played him. Many of his supporters because of trade will come to me.,06/09/16,7333,24413,FALSE,7.41E+17
Twitter for Android,In trade military and EVERYTHING else it will be AMERICA FIRST! This will quickly lead to our ultimate goal: MAKE AMERICA GREAT AGAIN!,05/23/16,8213,22156,FALSE,7.35E+17
Twitter for iPhone,Crooked Hillary just can't close the deal with Bernie. It will be the same way with ISIS and China on trade and Mexico at the border. Bad!,05/08/16,8967,25501,FALSE,7.29E+17
Twitter for Android,Wisconsin has suffered a great loss of jobs and trade but if I win all of the bad things happening in the U.S. will be rapidly reversed!,04/02/16,8036,23342,FALSE,7.16E+17
Twitter for Android,I will be in Wisconsin until the election. Jobs trade and immigration will be big factors. I will bring jobs back home - make great deals!,04/02/16,6633,19699,FALSE,7.16E+17
Twitter Web Client,Can you believe that Ted Cruz who has been killing our country on trade for so long just put out a Wisconsin ad talking about trade?,04/01/16,5948,16101,FALSE,7.16E+17
Twitter for Android,The United States cannot continue to make such bad one-sided trade deals. There are only so many jobs we can give up. No more!,03/28/16,7191,22437,FALSE,7.14E+17
Twitter for Android,@blt21muttrades: People are just mad that you're doing so good so they are gonna do they're best to stop you. Not gonna happen #MAGA,03/03/16,2620,9928,FALSE,7.05E+17
Twitter for Android,Now that George Bush is campaigning for Jeb(!) is he fair game for questions about World Trade Center Iraq War and eco collapse? Careful!,02/15/16,6473,16203,FALSE,6.99E+17
